bowler,total_wickets,innings,overs,runs,economy,strike_rate,average,dots,balls,dot_ball_pct
R Ashwin,996,590,6576.4,25885,5.53,29.61,19.92,25281,39461,64.07
JM Anderson,993,535,8044.1,27006,3.89,43.96,24.11,35685,48266,73.93
SCJ Broad,888,488,6823.6,24705,4.4,39.91,24.18,29552,40941,72.18
TG Southee,862,535,5858.3,25090,5.81,30.64,22.16,23678,35149,67.36
MA Starc,849,441,4694.9,21003,5.57,28.79,21.8,18745,28170,66.54
DW Steyn,829,434,4576.8,19163,5.19,28.06,20.04,18748,27459,68.28
RA Jadeja,814,645,5774.0,23610,5.96,23.93,15.76,21555,34645,62.22
TA Boult,779,447,4608.8,20181,5.9,30.44,23.08,18596,27655,67.24
SL Malinga,741,469,3170.0,18160,6.28,20.19,19.3,10173,19019,53.49
Shakib Al Hasan,734,506,4869.0,20601,5.43,26.17,18.8,17503,29215,59.91
K Rabada,730,385,3625.0,17211,6.08,25.59,20.73,14288,21749,65.69
MG Johnson,692,388,4254.2,18341,5.24,29.31,21.32,17051,25525,66.8
JJ Bumrah,683,402,3145.1,14181,5.71,20.73,16.23,12035,18870,63.78
NM Lyon,658,326,6153.9,19802,3.94,48.67,26.61,26366,36925,71.4
M Morkel,655,393,4149.2,17369,5.25,30.11,21.39,17176,24894,69.0
PJ Cummins,632,363,3655.4,15737,5.81,29.19,21.9,14550,21931,66.34
Mohammed Shami,625,372,3307.3,16268,6.22,25.78,21.52,12629,19842,63.65
DJ Bravo,620,465,2801.8,16122,7.14,17.91,16.84,8535,16810,50.77
Harbhajan Singh,619,443,4882.3,19396,5.35,31.44,21.04,18138,29294,61.92
JR Hazlewood,607,346,3782.6,14653,5.07,32.46,20.83,15909,22695,70.1
Z Khan,573,350,3626.1,16178,5.56,29.25,22.0,14228,21758,65.39
M Muralitharan,562,289,3472.4,12961,4.73,30.77,20.36,13335,20835,64.0
B Lee,546,323,3134.0,14358,5.53,28.48,22.24,12444,18804,66.18
I Sharma,545,394,4249.1,17924,5.62,28.95,20.21,17397,25495,68.24
B Kumar,529,431,2522.9,14441,6.61,16.98,16.53,8493,15136,56.11
HMRKB Herath,514,230,4485.8,13781,3.66,47.71,24.95,18835,26915,69.98
DL Vettori,481,329,4059.4,13725,4.39,31.27,17.83,16305,24356,66.94
A Zampa,479,347,1828.2,11945,6.99,16.62,18.02,4241,10971,38.66
JO Holder,477,369,3307.7,14728,6.05,26.32,19.28,12776,19845,64.38
UT Yadav,463,340,2616.1,13803,6.7,21.42,18.74,9486,15696,60.44
Saeed Ajmal,460,238,3132.3,10985,4.49,34.6,21.1,12426,18794,66.12
AU Rashid,459,315,2387.0,13335,6.47,23.9,22.36,6833,14322,47.71
CR Woakes,454,289,2992.0,12654,5.22,30.62,21.09,12042,17953,67.08
YS Chahal,453,319,1538.9,10841,7.64,15.49,18.12,3622,9234,39.22
KAJ Roach,439,259,3266.1,12272,4.44,34.13,20.91,14038,19598,71.63
Kuldeep Yadav,433,273,1798.0,9951,6.37,18.74,17.6,5369,10787,49.77
MM Ali,425,372,3389.5,15542,5.99,25.28,19.34,11882,20337,58.43
Umar Gul,423,261,2538.8,11678,5.53,25.32,19.75,9834,15233,64.56
Mustafizur Rahman,423,294,1798.3,10374,6.62,16.74,15.88,5729,10789,53.1
GP Swann,422,219,3299.1,11649,4.45,35.71,22.45,13283,19794,67.11
SR Watson,416,405,2375.1,11810,6.06,18.12,14.67,8363,14251,58.68
SP Narine,401,321,1800.8,9769,6.3,14.94,13.25,5487,10805,50.78
Shahid Afridi,401,330,2276.5,11657,5.75,19.69,16.21,6487,13661,47.49
M Ntini,397,215,2778.6,10950,4.53,36.19,23.94,11693,16672,70.14
Imran Tahir,388,237,1927.9,9366,5.77,24.58,19.52,6273,11567,54.23
BA Stokes,370,333,2922.5,12632,5.66,23.74,16.36,11435,17536,65.21
PM Siddle,370,239,2791.5,10385,5.19,34.44,20.84,12038,16749,71.87
MJ Santner,367,306,2342.5,10737,5.76,23.08,16.99,8000,14055,56.92
Shaheen Shah Afridi,361,201,1854.2,8989,6.19,27.53,22.16,7139,11126,64.17
MJ Henry,352,182,2071.7,8938,5.22,31.91,23.64,8218,12431,66.11
AR Patel,347,322,1724.7,9300,6.74,17.11,15.17,5314,10349,51.35
AS Joseph,347,214,1998.5,10163,6.38,26.96,22.86,7302,11991,60.9
A Mishra,341,243,1745.7,8673,6.52,21.92,17.49,5907,10475,56.39
KMDN Kulasekara,340,273,2110.7,10199,5.42,24.07,19.64,7732,12665,61.05
JH Kallis,339,382,2661.1,11221,5.38,19.79,13.14,10373,15966,64.97
IK Pathan,339,251,1747.4,9528,6.63,20.52,18.22,6065,10485,57.84
Mehedi Hasan Miraz,334,211,2890.3,11021,4.92,36.81,23.51,11089,17341,63.95
Mohammed Siraj,331,244,1856.3,9661,6.63,21.88,19.07,6978,11138,62.65
KA Maharaj,322,191,2524.2,9291,4.71,35.02,22.15,10212,15144,67.43
JP Faulkner,310,219,1055.2,7302,7.63,14.22,16.81,2663,6331,42.06
Mashrafe Mortaza,309,252,2131.9,10785,5.72,25.16,20.76,7425,12792,58.04
S Lamichhane,304,168,941.7,5333,6.46,16.73,15.81,2864,5650,50.69
NLTC Perera,300,271,1426.7,9280,7.75,14.7,15.72,3949,8560,46.13
HH Pandya,297,316,1291.2,8896,7.96,12.29,13.46,3553,7747,45.86
IS Sodhi,297,220,1566.6,8647,6.95,22.8,21.69,4790,9399,50.96
AD Russell,294,276,985.3,7932,9.24,10.72,14.12,2445,5912,41.36
RAS Lakmal,292,214,2732.4,10307,4.44,31.73,20.19,11390,16395,69.47
AJ Tye,290,182,703.1,5782,8.43,10.73,15.35,1530,4219,36.26
BAW Mendis,290,161,1633.7,7111,5.37,26.42,19.82,5771,9803,58.87
Mohammad Amir,288,188,1983.7,7844,5.12,29.36,19.59,8115,11902,68.18
CJ Jordan,288,233,1140.3,8104,8.38,14.41,16.71,3116,6843,45.54
KD Mills,287,194,1558.9,7415,5.47,26.55,21.12,5865,9353,62.71
JE Taylor,286,178,1867.4,8504,5.58,30.14,22.86,7303,11205,65.18
Yasir Shah,283,122,2623.4,9198,4.13,45.93,27.5,10695,15740,67.95
PWH de Silva,282,180,982.6,5948,7.09,13.43,14.43,2711,5896,45.98
A Kumble,276,144,2404.3,8589,4.59,42.0,24.95,10018,14426,69.44
A Nehra,275,197,1076.0,6885,6.9,16.65,18.07,3246,6456,50.28
Hasan Ali,272,165,1432.0,7082,6.12,23.95,20.65,5327,8593,61.99
VD Philander,272,153,2125.5,6284,3.35,34.78,17.16,9846,12753,77.21
Rashid Khan,270,210,811.0,5716,7.21,13.72,15.9,1792,4866,36.83
L Ngidi,270,166,1171.4,6539,6.62,21.89,19.59,4127,7029,58.71
MA Wood,269,175,1783.5,8192,5.77,30.18,22.79,6778,10701,63.34
ST Finn,267,153,1736.5,7594,5.02,32.07,23.9,6941,10418,66.63
Taijul Islam,265,112,2500.8,8056,3.75,57.03,30.91,10615,15005,70.74
N Wagner,265,122,2287.6,7331,3.34,49.28,26.5,10352,13726,75.42
Wahab Riaz,265,172,1658.3,8127,5.83,29.06,23.05,5973,9950,60.03
KW Richardson,264,186,804.2,6018,7.86,13.01,16.22,2023,4824,41.94
Haris Rauf,264,158,793.9,5745,7.73,13.65,16.1,2044,4763,42.91
Mohammad Hafeez,262,318,2041.6,8305,4.82,18.34,12.06,6916,12251,56.45
SA Abbott,260,179,729.2,5731,8.42,12.1,15.75,1773,4374,40.53
JC Archer,258,175,1235.0,6659,6.8,20.56,18.88,4462,7409,60.22
A Flintoff,252,152,1872.6,6937,4.44,38.53,23.07,7843,11236,69.8
SN Thakur,251,192,1013.3,7105,8.21,16.13,17.87,2986,6078,49.13
PP Ojha,247,161,1755.6,6742,5.97,31.15,20.37,6934,10534,65.82
AD Mathews,245,356,1835.0,8355,5.43,13.19,10.04,6558,11010,59.56
PP Chawla,245,229,965.3,6749,7.98,12.09,14.63,2422,5792,41.82
TT Bresnan,244,171,1632.6,7622,5.81,28.09,21.81,6085,9795,62.12
GB Hogg,244,186,1215.4,6308,6.06,19.71,16.29,3671,7293,50.34
Taskin Ahmed,243,171,1326.0,7054,6.48,22.69,19.72,4689,7957,58.93
DJG Sammy,242,267,2055.4,8604,5.77,20.62,13.64,7565,12332,61.34
SM Pollock,241,169,1922.7,6168,3.77,37.18,19.85,8505,11536,73.73
Abdur Razzak,236,167,1551.6,7126,5.2,28.24,21.38,5430,9310,58.32
NM Coulter-Nile,236,170,778.0,5553,7.61,14.49,16.71,2050,4668,43.92
LH Ferguson,235,161,889.1,6008,7.36,16.01,18.07,2622,5335,49.15
RP Singh,234,170,1162.4,6698,6.85,21.48,20.63,4045,6975,57.99
Shadab Khan,232,183,1075.8,6283,6.71,17.83,16.08,2947,6455,45.65
A Nortje,231,141,1001.8,5761,7.2,19.7,19.15,3487,6011,58.01
GJ Maxwell,231,375,1250.6,8245,7.71,8.35,8.36,2937,7502,39.15
WD Parnell,229,167,932.7,6028,7.12,18.24,19.31,2772,5597,49.53
CH Morris,229,167,834.3,5765,7.67,15.75,17.64,2369,5006,47.32
LE Plunkett,224,144,1204.1,6486,6.33,22.28,19.16,4003,7226,55.4
Arshdeep Singh,224,150,557.9,4778,8.8,11.66,16.61,1369,3348,40.89
P Kumar,222,206,1252.4,7125,6.94,16.99,16.08,4194,7515,55.81
RJ Harris,220,116,1293.9,4927,5.17,30.23,19.74,5529,7762,71.23
WPUJC Vaas,219,159,1600.1,6011,4.25,28.53,18.23,6736,9601,70.16
S Sreesanth,217,150,1443.3,7197,6.29,25.77,21.77,5670,8661,65.47
MM Patel,212,155,1153.4,5705,5.91,20.9,15.99,4259,6921,61.54
R Rampaul,212,149,1307.3,6037,5.82,27.27,20.25,4912,7844,62.62
Sikandar Raza,212,224,1463.2,7156,6.14,17.26,13.38,4557,8779,51.91
MJ McClenaghan,210,140,742.3,5367,7.73,14.68,18.58,2039,4454,45.78
Junaid Khan,210,140,1431.7,6134,5.26,27.78,20.43,5619,8590,65.41
MR Adair,210,138,826.9,5113,7.04,18.32,18.41,2671,4962,53.83
CRD Fernando,208,146,1305.4,6324,5.47,29.15,23.91,4868,7833,62.15
GD McGrath,207,119,1296.9,4256,3.93,32.65,17.6,5771,7781,74.17
Bilal Khan,206,117,649.7,3814,6.48,14.61,14.61,2084,3899,53.45
DE Bollinger,205,137,986.3,5001,6.37,20.97,18.59,3630,5918,61.34
JP Behrendorff,205,149,603.6,4321,7.46,13.77,16.62,1662,3622,45.89
SM Curran,204,198,1118.1,6664,7.68,16.77,15.68,3651,6708,54.43
J Botha,203,218,1222.4,6572,6.37,18.87,16.01,3397,7335,46.31
SJ Harmison,202,117,1702.2,6642,4.45,42.66,28.69,7167,10214,70.17
CS Martin,202,111,1920.9,6697,3.82,50.37,29.18,8626,11525,74.85
BW Hilfenhaus,202,129,1416.2,5606,5.68,35.89,24.05,5986,8498,70.44
MS Panesar,202,110,2271.1,6981,3.47,60.11,31.57,9982,13627,73.25
FH Edwards,201,144,1503.6,6823,5.54,30.87,22.78,5970,9021,66.18
Karan KC,201,138,672.6,4254,7.07,12.87,13.44,2158,4035,53.48
ST Gabriel,201,129,1747.0,6852,4.41,38.22,24.01,7397,10481,70.58
HV Patel,199,140,488.0,4440,9.19,11.86,17.76,963,2928,32.89
CH Gayle,199,251,1542.5,6702,5.89,17.97,11.98,5029,9255,54.34
Shoaib Malik,198,255,1374.8,6576,5.7,13.58,10.48,4261,8250,51.65
JDP Oram,197,183,1382.0,5858,5.52,19.75,12.68,5316,8292,64.11
KA Pollard,197,263,780.8,5810,8.41,8.62,10.31,1540,4685,32.87
Rubel Hossain,196,162,1506.3,7844,6.02,28.07,24.65,5185,9038,57.37
MR Marsh,196,247,1194.2,6320,6.55,11.87,10.91,4066,7165,56.75
SE Bond,194,102,898.0,3960,4.97,24.94,19.29,3519,5388,65.31
TL Chatara,193,142,1064.8,5329,6.07,24.19,19.18,3853,6389,60.31
NW Bracken,192,123,972.6,4481,4.94,25.07,19.18,3471,5836,59.48
SM Sharif,191,137,776.7,4553,6.51,15.79,15.27,2400,4659,51.51
MRJ Watt,191,141,886.1,4502,5.61,21.12,17.61,2752,5317,51.76
MM Sharma,189,152,610.5,4760,8.29,11.45,14.04,1496,3662,40.85
MP Stoinis,188,238,746.1,5879,8.9,8.55,11.04,1624,4477,36.27
DJ Willey,188,149,785.4,5070,7.04,14.97,15.61,2287,4713,48.53
M Theekshana,187,154,831.3,4856,6.64,14.63,14.43,2332,4987,46.76
MDK Perera,186,91,1886.7,6454,3.83,54.93,31.53,7554,11321,66.73
B Muzarabani,186,136,1017.5,5249,6.0,22.23,19.2,3612,6105,59.16
R Vinay Kumar,185,146,638.1,4814,8.11,12.54,15.43,1656,3830,43.24
CBRLS Kumara,183,109,1247.9,5957,5.81,32.54,26.21,4667,7487,62.33
R Ngarava,182,134,835.6,4711,6.38,19.49,18.57,2862,5012,57.1
Junaid Siddique,182,127,694.0,4302,6.8,16.22,17.12,2175,4164,52.23
BJ Dwarshuis,182,131,492.9,4064,8.38,11.46,15.08,1163,2958,39.32
BM Scholtz,181,131,780.6,3338,5.12,18.2,12.77,2728,4684,58.24
NT Ellis,178,129,539.9,4174,7.9,13.37,17.09,1156,3238,35.7
PVD Chameera,178,152,977.6,5838,7.18,17.19,17.35,3179,5865,54.2
JA Morkel,177,179,726.2,5129,7.79,11.76,13.47,1883,4357,43.22
Yuvraj Singh,177,259,1017.5,5527,6.38,9.75,8.33,2766,6104,45.31
DT Christian,177,200,612.5,4734,8.53,8.24,9.81,1255,3674,34.16
M Jansen,177,113,901.3,5027,7.21,24.87,23.61,3360,5406,62.15
T Shamsi,177,130,799.7,4891,6.96,18.67,18.95,2179,4798,45.41
A Nel,176,107,1307.7,4978,4.25,38.1,24.6,5505,7847,70.15
Shoaib Akhtar,175,105,938.2,4628,5.59,23.73,20.9,3531,5629,62.73
SK Warne,175,105,1138.9,4513,5.92,27.89,19.06,4458,6834,65.23
MF Maharoof,172,138,1090.3,5101,5.49,25.28,18.97,4112,6542,62.86
JA Richardson,168,116,577.0,3946,7.59,13.59,15.74,1725,3462,49.83
D Bishoo,168,106,1701.6,6242,4.37,44.88,27.1,6600,10210,64.64
SM Boland,168,104,726.8,3843,6.86,18.95,16.77,2567,4361,58.86
SW Tait,166,110,573.7,3937,7.63,13.88,15.59,1767,3442,51.34
Sompal Kami,166,135,672.4,4136,6.8,15.26,14.84,2141,4034,53.07
Sandeep Sharma,164,139,514.5,4209,8.28,12.23,16.62,1187,3087,38.45
Mahmudullah,163,273,1369.6,6638,5.97,14.25,10.56,4261,8218,51.85
Sohail Tanvir,163,129,803.3,4679,6.46,17.86,18.2,2600,4820,53.94
CA Young,163,104,586.8,3744,7.16,18.59,19.74,1810,3521,51.41
JP Duminy,163,278,1205.4,6188,6.25,9.4,7.32,3663,7232,50.65
Abdul Razzaq,162,154,1045.3,5158,5.7,18.52,14.67,3687,6271,58.79
AC Agar,161,167,819.3,4785,6.92,13.42,13.0,2146,4916,43.65
AJ Hosein,161,130,687.8,4164,6.77,17.87,17.72,1909,4127,46.26
AL Phehlukwayo,161,122,674.5,4284,6.95,17.42,18.58,1860,4047,45.96
SR Clark,161,93,1178.4,3986,4.04,35.01,19.53,5130,7070,72.56
CJ McKay,161,103,665.3,3783,6.28,17.31,15.84,2128,3992,53.31
Ehsan Khan,161,105,444.4,2673,6.44,15.01,14.27,1283,2667,48.11
Mohammad Asif,160,89,1121.5,4347,4.94,34.77,22.91,4761,6729,70.75
AG Cremer,160,114,1250.9,5707,5.43,29.27,21.6,4234,7505,56.42
Zahoor Khan,159,106,631.9,3591,6.03,20.17,18.83,1825,3792,48.13
N Pradeep,157,114,1266.5,5857,5.77,26.23,20.13,4815,7598,63.37
RL Chase,154,162,1599.1,6592,5.35,23.61,16.37,5808,9595,60.53
CV Varun,153,111,445.6,3255,7.57,12.14,14.9,1036,2673,38.76
ST Jayasuriya,152,164,918.1,4436,5.61,16.38,12.08,2668,5510,48.42
MN Samuels,151,193,1285.1,5886,5.69,19.49,14.49,4202,7709,54.51
TM Dilshan,151,294,1448.2,6531,5.5,12.63,8.45,4529,8688,52.13
PA van Meekeren,150,105,526.8,3399,6.98,14.27,15.11,1561,3161,49.38
Abdur Rehman,149,80,1432.8,4302,3.84,56.17,28.12,6120,8596,71.2
JD Unadkat,149,136,549.6,4165,8.45,11.09,13.94,1394,3298,42.27
DR Sams,149,113,383.8,3380,9.06,10.29,14.62,802,2303,34.82
AB Agarkar,148,115,765.8,4335,6.66,17.85,16.51,2626,4595,57.15
JDS Neesham,148,167,750.0,4851,8.08,12.08,12.54,2210,4499,49.12
Washington Sundar,148,156,755.3,4123,6.72,13.15,12.16,2314,4531,51.07
GH Dockrell,148,148,752.1,4203,6.51,14.7,13.35,2097,4511,46.49
RE van der Merwe,147,123,603.2,3437,6.33,16.03,15.52,1570,3619,43.38
SC Williams,147,203,1204.5,5883,5.95,15.07,12.09,3669,7226,50.77
SJ Benn,147,108,1639.4,5910,4.98,36.56,22.72,6503,9837,66.11
MJ Leach,145,67,1566.9,4945,3.56,59.9,33.48,6880,9402,73.18
JL Pattinson,144,97,928.5,4279,6.43,26.44,19.35,3743,5571,67.19
Rohan Mustafa,144,117,726.4,3662,5.62,19.16,15.66,2140,4359,49.09
AF Milne,144,126,641.3,4417,7.81,16.36,18.04,1887,3848,49.04
SNJ O'Keefe,144,118,724.1,3434,6.34,19.42,15.48,2376,4345,54.68
J Little,143,104,570.4,3990,7.43,16.56,19.06,1591,3423,46.48
Naseem Shah,143,86,899.3,4346,5.79,32.13,25.7,3426,5396,63.49
TK Curran,143,115,566.4,4106,8.75,15.18,19.04,1397,3397,41.12
M Prasidh Krishna,141,100,563.4,4015,8.16,16.23,19.5,1724,3380,51.01
Danish Kaneria,141,70,1722.9,5792,3.86,64.98,36.91,7197,10338,69.62
Ravi Bishnoi,139,115,425.9,3421,8.27,12.09,15.61,945,2555,36.99
DL Chahar,139,130,486.1,3808,8.2,10.82,13.92,1304,2917,44.7
RJ Peterson,139,110,913.5,4187,5.4,22.12,17.12,3220,5481,58.75
A Symonds,139,170,1008.6,4766,5.62,17.05,13.16,3382,6052,55.88
JEC Franklin,138,143,997.4,4651,6.05,16.71,13.22,3831,5985,64.01
RP Meredith,138,103,377.0,3288,8.75,12.16,18.42,867,2262,38.33
P Utseya,138,150,1241.3,5976,5.31,23.35,18.39,3767,7448,50.58
NL McCullum,137,145,789.5,4349,6.12,15.24,13.73,2139,4737,45.16
SN Netravalkar,136,100,637.7,2991,5.32,18.94,13.88,2254,3826,58.91
Imad Wasim,136,139,696.8,3956,6.05,14.71,13.41,1847,4180,44.19
PD Collingwood,136,200,1046.8,4898,5.37,13.38,10.41,3385,6282,53.88
B Laughlin,134,107,391.5,3267,8.58,12.29,17.06,791,2349,33.67
NM Hauritz,134,104,1159.0,4742,5.48,32.3,21.03,4376,6954,62.93
LL Tsotsobe,133,91,708.1,3377,5.48,25.86,19.09,2661,4248,62.64
Avesh Khan,131,106,408.2,3547,9.1,10.39,15.43,969,2450,39.55
RJ Sidebottom,130,74,1033.7,3752,4.88,40.19,24.72,4418,6203,71.22
DAJ Bracewell,130,91,1085.4,4279,5.2,38.75,24.93,4554,6513,69.92
Mohammad Sami,129,94,1025.7,4785,5.36,33.95,26.04,3993,6154,64.88
Shoriful Islam,128,99,673.5,3650,6.58,22.64,20.36,2384,4041,59.0
Naved-ul-Hasan,127,72,544.7,3034,5.87,19.05,17.35,1852,3268,56.67
CK Langeveldt,127,83,644.7,3411,5.65,19.8,17.6,2237,3869,57.82
L Balaji,127,100,493.5,3388,7.72,12.67,15.8,1422,2962,48.01
KA Jamieson,127,81,822.0,3256,5.79,25.88,17.09,3549,4932,71.96
JJ Smit,126,81,412.9,2161,5.85,11.88,9.99,1359,2478,54.84
JNT Seales,126,66,772.8,3179,4.83,32.04,20.75,3166,4638,68.26
KK Ahmed,125,99,395.3,3371,8.88,12.84,17.64,1032,2372,43.51
Rizwan Butt,125,73,265.6,1861,7.0,8.72,10.68,715,1594,44.86
CJ Boyce,125,109,385.5,2905,7.99,10.23,12.68,662,2313,28.62
JM Bird,124,101,609.9,3224,7.02,17.31,15.48,2206,3659,60.29
KM Jarvis,124,81,812.3,3695,5.74,30.22,22.15,3164,4874,64.92
RW Price,123,101,1052.3,4270,4.64,26.69,17.4,3831,6314,60.67
WB Rankin,123,93,611.6,3291,5.86,23.08,20.7,2068,3670,56.35
MG Neser,123,106,409.0,3207,8.5,11.17,12.79,1051,2454,42.83
JR Hopes,122,134,706.4,3941,6.29,16.49,14.89,2016,4238,47.57
CR Brathwaite,122,115,572.5,3842,7.88,11.01,12.94,1480,3434,43.1
A Dananjaya,120,83,680.3,3559,6.4,25.9,20.81,2166,4081,53.08
R McLaren,120,84,538.3,3171,6.67,18.42,18.38,1666,3230,51.58
MA Leask,119,119,530.4,3042,6.74,12.54,11.87,1519,3183,47.72
CB Mpofu,119,109,941.3,5006,6.33,25.52,21.59,3368,5647,59.64
JS Patel,119,84,1186.8,4651,4.83,38.6,25.32,4663,7122,65.47
BJ McCarthy,118,88,529.9,3499,7.37,18.41,19.13,1591,3179,50.05
NGRP Jayasuriya,118,41,1137.8,3807,3.6,57.94,32.75,4689,6827,68.68
AJ Hall,117,73,734.0,3067,4.41,30.46,21.5,2780,4404,63.12
R Shepherd,116,108,448.0,3604,9.21,12.77,17.14,1105,2689,41.09
AR McBrine,116,97,859.4,4031,5.74,29.45,21.71,2824,5156,54.77
Mohammad Irfan,116,88,712.2,3598,5.59,24.68,21.72,2556,4274,59.8
E Chigumbura,115,140,821.2,4501,6.58,15.88,13.83,2797,4928,56.76
Faheem Ashraf,115,137,763.2,3899,6.18,15.81,13.02,2687,4580,58.67
Shafiul Islam,115,96,763.3,4034,6.2,23.49,20.11,2690,4580,58.73
SS Cottrell,114,82,473.0,3191,7.71,19.44,21.21,1431,2838,50.42
Aizaz Khan,114,92,327.3,2439,8.06,11.44,13.54,815,1963,41.52
JE Root,114,251,1332.2,5439,4.83,11.74,8.08,5016,7992,62.76
JW Hastings,114,80,455.1,2776,6.96,15.15,14.56,1362,2731,49.87
DS Kulkarni,114,106,405.4,3101,8.38,12.63,15.97,1098,2433,45.13
N Vanua,114,92,495.5,2991,6.66,15.12,15.38,1537,2973,51.7
KH Pandya,114,156,506.1,3811,8.06,7.53,8.28,983,3036,32.38
MG Erasmus,113,101,434.4,2229,5.7,12.04,9.75,1369,2606,52.53
AB Dinda,113,97,381.6,2970,8.2,11.89,14.99,1003,2290,43.8
MJ Hoggard,113,59,1064.4,3686,3.8,53.28,31.38,4748,6387,74.34
JN Gillespie,113,70,898.3,2943,3.61,37.38,20.99,3972,5390,73.69
SB Styris,112,146,756.0,3627,5.42,13.82,10.96,2484,4536,54.76
R Trumpelmann,112,82,474.3,2694,6.45,17.4,15.98,1596,2846,56.08
Kaleem Sana,111,65,343.1,1801,5.71,14.36,12.08,1237,2059,60.08
CJ Anderson,111,121,587.8,3348,7.25,13.3,12.58,1894,3527,53.7
Mohammad Rafique,110,83,1216.7,4475,4.27,34.36,19.71,4714,7300,64.58
SO Ngoche,110,84,312.7,1912,6.38,12.05,12.24,879,1876,46.86
AM Fernando,110,65,735.1,3186,5.05,25.49,18.93,2879,4410,65.28
G Motie,110,85,659.1,3126,6.21,20.03,15.63,2245,3955,56.76
DS Airee,109,109,489.8,2365,5.46,12.85,9.08,1512,2939,51.45
Zeeshan Maqsood,108,101,521.4,2616,6.07,16.52,13.84,1568,3128,50.13
KJ O'Brien,108,102,492.4,2961,6.46,12.56,12.46,1468,2955,49.68
MT Steketee,108,77,268.4,2440,9.2,11.23,16.85,616,1609,38.28
XJ Doherty,106,101,749.5,3874,6.2,18.82,16.4,2322,4497,51.63
C de Grandhomme,105,147,1044.3,3917,5.74,19.97,11.57,4219,6266,67.33
PL Harris,105,64,1464.8,4073,2.95,66.18,31.22,6589,8789,74.97
T Panyangara,105,75,699.9,3371,5.62,27.04,22.72,2669,4199,63.56
DM de Silva,105,182,1047.5,4282,4.69,13.02,8.95,3630,6285,57.76
H Ssenyondo,105,78,270.2,1484,5.94,8.76,7.43,780,1621,48.12
Saad Bin Zafar,104,86,456.5,2344,5.73,18.0,15.19,1400,2739,51.11
KTGD Prasad,104,65,842.1,3581,4.7,37.16,26.42,3355,5052,66.41
D Wiese,104,81,331.8,2306,7.47,9.92,10.63,837,1991,42.04
KJ Abbott,104,73,648.6,2715,5.59,23.67,17.32,2650,3892,68.09
CAK Rajitha,104,72,731.9,3453,6.0,30.94,24.19,2876,4391,65.5
Shahadat Hossain,104,92,1065.0,5179,5.76,33.31,25.67,4091,6391,64.01
MG Bracewell,103,87,629.2,3083,6.22,21.04,17.57,2161,3776,57.23
AY Patel,102,44,789.8,2692,3.95,38.14,21.3,3394,4738,71.63
AR Ramjani,102,56,202.6,975,5.05,11.89,9.5,643,1215,52.92
Mohammad Abbas,101,51,952.7,2572,2.89,52.26,23.5,4525,5716,79.16
MJ Swepson,101,101,492.5,3117,7.64,10.84,12.49,1235,2955,41.79
V Sehwag,101,168,965.3,3986,5.22,14.38,8.96,3409,5792,58.86
DM Nakrani,100,70,236.2,1381,5.76,9.84,9.83,683,1417,48.2
SK Raina,99,218,737.0,4055,6.42,7.58,6.12,1981,4422,44.8
DP Nannes,99,69,255.8,1920,7.53,11.92,14.93,670,1535,43.65
B Stanlake,99,91,352.1,2748,8.37,10.81,14.32,938,2113,44.39
Fawad Ahmed,99,97,369.5,2686,7.37,11.93,13.39,705,2217,31.8
S Randiv,98,65,813.9,3245,5.12,33.68,21.12,2960,4883,60.62
BCJ Cutting,97,132,367.4,3150,9.11,8.37,11.6,632,2204,28.68
YK Pathan,97,148,489.4,3255,7.34,8.64,9.32,1109,2936,37.77
T Thushara,97,62,561.3,2717,5.35,25.46,21.24,2100,3368,62.35
SMSM Senanayake,97,81,533.0,2780,5.66,19.62,16.6,1605,3198,50.19
MJ Clarke,97,173,805.6,3377,4.86,9.0,6.05,2679,4834,55.42
DBL Powell,96,78,1006.8,4232,4.61,41.46,28.27,4080,6041,67.54
Virandeep Singh,96,72,216.6,1291,6.57,6.99,6.57,560,1299,43.11
RJW Topley,96,77,387.5,2693,7.8,13.93,15.74,1119,2326,48.11
CA Soper,96,72,457.2,2272,5.51,19.49,16.03,1573,2742,57.37
JN Frylinck,95,79,362.8,2035,6.23,14.72,14.21,1072,2177,49.24
KV Sharma,94,92,336.1,2655,8.73,10.42,13.63,746,2017,36.99
LM Jongwe,94,82,350.0,2490,7.91,14.28,16.06,874,2100,41.62
Abrar Ahmed,94,51,616.9,2593,5.38,28.18,19.68,2317,3701,62.6
XC Bartlett,94,66,235.8,1875,8.14,11.87,16.08,600,1414,42.43
T Natarajan,93,71,301.3,2446,8.79,12.69,18.21,693,1808,38.33
Pavandeep Singh,93,72,268.8,1661,6.29,11.67,11.92,812,1613,50.34
M Pathirana,92,58,236.6,2026,8.78,13.21,19.19,526,1418,37.09
Hasan Mahmud,92,67,524.7,2696,6.13,19.71,18.24,1933,3148,61.4
Ahmed Raza,91,90,551.9,2662,5.74,20.4,15.33,1709,3312,51.6
WP Masakadza,91,102,637.0,3283,6.41,22.25,19.05,1927,3821,50.43
DR Smith,91,120,526.5,3094,7.61,10.1,9.47,1596,3160,50.51
PADLR Sandakan,91,70,668.4,3420,6.0,23.71,20.89,2069,4011,51.58
LV van Beek,91,62,372.2,2336,6.81,17.55,17.04,1151,2234,51.52
CJ Green,90,109,349.2,2562,7.53,8.35,9.75,695,2095,33.17
A Dutt,90,76,490.6,2582,6.01,23.09,19.93,1634,2944,55.5
C Green,89,110,605.5,3036,6.31,15.79,12.91,2219,3632,61.1
Fayyaz Butt,89,73,353.8,2352,7.43,12.85,13.59,1024,2123,48.23
MC Henriques,89,130,396.7,2790,8.2,8.83,9.31,953,2380,40.04
Nauman Ali,88,36,683.1,2124,3.26,44.27,23.05,2959,4098,72.21
Jasdeep Singh,88,68,392.8,2550,7.08,18.09,19.2,1158,2357,49.13
Mohammad Saifuddin,88,66,341.6,2473,7.84,15.34,18.09,822,2050,40.1
D Heyliger,88,73,326.5,2076,7.15,13.12,13.46,981,1959,50.08
D Pretorius,87,66,379.6,2164,6.82,17.43,16.41,1170,2278,51.36
Rahat Ali,87,58,835.6,3136,4.51,36.82,22.78,3538,5014,70.56
RD Chahar,86,85,310.4,2405,8.13,10.27,12.9,651,1862,34.96
Ali Dawood,86,55,197.6,1255,6.33,11.1,11.25,537,1185,45.32
WA Agar,86,66,222.9,2036,9.5,7.27,11.55,494,1338,36.92
M Akayezu,85,67,203.3,1691,8.71,8.57,12.28,527,1219,43.23
BFW de Leede,85,72,333.7,2237,7.39,11.45,12.58,935,2002,46.7
Basil Hameed,84,72,311.0,1556,6.09,12.95,10.32,962,1866,51.55
IE O'Brien,84,46,716.0,2827,5.0,41.03,28.29,3072,4296,71.51
MVT Fernando,84,56,762.4,2977,4.34,35.69,23.68,3143,4574,68.71
BA Carse,84,55,540.9,2730,6.2,32.65,28.93,2007,3245,61.85
Vraj Patel,84,57,207.1,1129,5.57,9.94,9.28,634,1242,51.05
Aayan Afzal Khan,84,65,426.1,1947,4.96,19.89,15.11,1425,2557,55.73
AAP Atkinson,84,40,466.3,2082,5.51,32.56,24.34,1899,2798,67.87
A Vala,83,88,419.8,1879,5.39,13.6,9.44,1345,2519,53.39
RMS Eranga,83,54,771.9,2965,4.42,46.0,30.48,3211,4631,69.34
Khawar Ali,82,65,351.6,1886,6.2,17.44,14.86,961,2110,45.55
LN Rajbanshi,82,65,368.8,1735,5.6,17.99,13.33,1232,2213,55.67
GS Sandhu,82,76,259.2,2084,8.15,9.75,12.25,557,1555,35.82
R Bhatia,82,91,272.7,2059,7.92,7.79,8.91,436,1636,26.65
SCG MacGill,82,41,750.6,2644,4.1,58.04,34.38,3291,4503,73.08
JC Tredwell,82,62,527.4,2416,5.71,23.76,17.07,1799,3165,56.84
Imran Anwar,82,74,219.0,1613,7.82,8.48,10.25,523,1314,39.8
T Lungameni,82,74,382.8,2156,6.52,15.16,13.66,1220,2297,53.11
Mahedi Hasan,81,73,308.0,1962,7.0,11.02,11.46,838,1848,45.35
NP Kenjige,81,78,527.8,2498,5.46,22.0,16.22,1732,3167,54.69
Kaleemullah,81,84,456.8,2363,5.96,15.51,12.09,1640,2741,59.83
Harmeet Singh,81,70,332.9,2012,7.22,14.44,13.62,938,1998,46.95
TL Best,81,54,569.6,2589,5.0,27.27,21.01,2221,3418,64.98
Mohammad Naveed,80,54,338.3,1890,5.69,17.9,16.47,1108,2030,54.58
AC Evans,80,55,315.4,2045,7.2,18.38,20.02,977,1892,51.64
Al-Amin Hossain,80,53,380.2,1926,6.22,24.04,20.42,1368,2281,59.97
S Badree,80,73,271.0,1800,6.76,11.16,11.74,706,1626,43.42
JW Dernbach,80,64,349.1,2626,8.02,17.45,20.77,863,2094,41.21
MP Kuhnemann,79,66,381.8,2098,7.17,17.07,15.39,1130,2291,49.32
AM Kimote,79,63,172.8,1286,7.67,8.75,10.48,423,1037,40.79
RTM Mendis,79,36,714.5,2418,4.26,48.79,28.4,2877,4287,67.11
M Kartik,79,85,523.8,2891,6.66,17.13,16.28,1562,3143,49.7
Mohammad Wasim,79,53,317.1,1978,7.52,18.26,17.03,952,1903,50.03
IDR Bradshaw,79,54,558.9,2242,4.24,32.18,20.77,2198,3353,65.55
LS Livingstone,79,108,312.6,2410,9.1,9.16,10.77,663,1875,35.36
Mohammad Nawaz,79,71,408.4,2297,6.35,15.86,15.42,1174,2450,47.92
TS Rogers,79,59,213.7,1830,8.62,10.61,14.48,477,1282,37.21
OE Robinson,78,37,632.7,1834,2.97,46.03,22.13,2944,3796,77.56
CD Collymore,78,63,870.0,2995,3.74,34.96,19.49,3720,5220,71.26
KS Williamson,78,146,625.5,2756,5.34,12.95,9.01,2115,3754,56.34
A Bohara,78,60,206.0,1535,7.66,11.95,14.3,421,1236,34.06
CW Perchard,78,46,183.9,1112,6.15,12.41,12.95,504,1104,45.65
Z Bimenyimana,77,71,219.5,1628,7.55,10.62,12.74,635,1316,48.25
UWMBCA Welegedara,77,46,715.4,2801,4.28,44.5,29.15,3038,4292,70.78
VR Aaron,77,73,427.2,2934,8.42,17.33,19.02,1364,2563,53.22
MS Kasprowicz,77,39,442.1,1552,3.78,40.55,24.39,1939,2653,73.09
Yasim Murtaza,76,62,217.0,1417,6.81,8.89,9.3,551,1302,42.32
JA Warrican,76,35,683.3,2143,3.39,42.09,22.06,2880,4100,70.24
Mukesh Kumar,76,58,236.3,1916,8.87,12.73,18.15,693,1418,48.87
W O'Rourke,76,47,438.3,2169,5.74,24.58,22.12,1693,2631,64.35
RS Bopara,75,123,476.3,2650,6.3,8.69,7.99,1366,2858,47.8
Washeem Abbas,75,49,172.7,1424,8.51,9.94,13.47,408,1036,39.38
Iftikhar Anjum,75,59,468.3,2379,5.28,22.84,19.45,1606,2810,57.15
Mujeeb Ur Rahman,74,72,275.6,1951,7.2,10.4,11.2,662,1654,40.02
SPD Smith,74,126,491.1,2537,5.61,10.4,9.47,1483,2947,50.32
MNM Aslam,74,63,221.0,1363,6.49,11.65,11.92,599,1326,45.17
Shakeel Ahmed,74,50,264.7,1278,5.84,15.2,12.19,929,1588,58.5
DR Tuffey,73,52,522.4,2283,5.21,26.97,20.4,2118,3134,67.58
SK Trivedi,73,75,251.0,1944,7.95,9.34,10.72,492,1506,32.67
L Embuldeniya,73,28,807.5,2659,3.39,80.99,42.91,3443,4845,71.06
NK Patel,72,56,318.9,1577,5.59,17.83,15.14,991,1913,51.8
JA Duffy,72,45,219.6,1415,6.82,13.64,16.25,723,1317,54.9
Zulfiqar Babar,72,39,818.3,2585,3.9,65.8,34.55,3500,4910,71.28
TJ Murtagh,72,47,383.8,1754,5.3,21.49,16.18,1438,2303,62.44
P Aho,72,59,181.2,1151,6.89,8.78,9.05,570,1087,52.44
PWA Mulder,72,72,475.5,2094,5.48,18.12,13.45,1899,2853,66.56
PM Seelaar,72,79,360.6,2109,6.6,10.85,10.87,965,2163,44.61
S Shillingford,72,27,782.2,2534,3.31,73.32,38.4,3348,4694,71.33
CB Sole,72,45,292.5,1780,6.82,20.26,20.21,984,1755,56.07
J Theron,72,46,229.0,1486,7.12,16.17,16.69,613,1375,44.58
F Nsubuga,71,63,215.0,1018,5.13,9.57,7.03,770,1290,59.69
KMA Paul,71,62,341.4,2316,7.8,14.43,15.3,980,2048,47.85
AF Giles,71,55,783.5,2786,3.77,44.0,25.62,3021,4701,64.26
G Coetzee,71,47,264.8,1972,8.87,17.72,21.13,828,1589,52.11
CJA Amini,71,82,382.1,2064,6.2,12.7,10.65,1104,2293,48.15
S Joseph,71,40,375.8,1880,6.79,26.18,22.23,1420,2255,62.97
JK Lalor,70,59,206.0,1769,8.75,10.57,15.16,452,1236,36.57
MD Shanaka,70,105,376.3,2101,7.32,9.7,8.24,1132,2258,50.13
C Campher,70,86,374.9,2411,7.3,12.71,11.75,1065,2249,47.35
Imran Khan,70,61,399.8,1865,6.37,18.03,13.14,1563,2399,65.15
IO Okpe,70,68,194.9,1365,7.36,8.95,10.38,497,1170,42.48
Syed Rasel,70,56,514.4,2423,5.22,29.28,22.26,1955,3086,63.35
DJ Hawoe,69,64,197.0,1352,7.31,10.04,11.81,536,1182,45.35
S Kaul,69,60,229.3,1983,8.78,11.93,15.88,455,1375,33.09
Shoaib Bashir,69,33,699.9,2710,4.16,61.69,38.98,2770,4199,65.97
Simi Singh,69,61,299.0,1663,6.62,15.3,13.6,830,1794,46.27
T Sangha,69,52,199.0,1489,7.7,12.49,15.11,397,1194,33.25
TM Head,69,122,413.9,2312,6.32,6.47,5.8,1167,2484,46.98
Aqib Iqbal,69,52,186.2,1302,7.05,13.83,15.59,521,1117,46.64
Aqib Ilyas,69,62,265.2,1427,5.83,10.8,9.44,757,1591,47.58
S Mahmood,68,45,287.2,1705,7.42,14.42,13.78,966,1723,56.07
BJ McMullen,67,47,300.6,1553,6.09,19.67,17.51,1090,1804,60.42
T van der Gugten,67,57,224.1,1369,7.03,12.99,13.74,677,1345,50.33
K Klein,67,35,195.0,1162,6.88,11.99,12.48,658,1170,56.24
Ebadat Hossain,67,44,645.6,2633,4.85,43.64,30.55,2668,3874,68.87
F Banunaek,67,62,186.3,1316,7.59,8.97,9.72,468,1118,41.86
FJ Klaassen,67,55,279.5,1723,7.0,14.76,15.36,861,1677,51.34
BJ Currie,67,31,168.8,804,5.16,13.84,11.73,613,1013,60.51
OC McCoy,67,51,176.0,1590,9.55,10.48,16.03,368,1055,34.88
Ishtiaq Ahmad,67,41,146.2,1036,7.03,9.81,11.82,404,878,46.01
CT Tremlett,66,39,611.0,2267,4.47,52.1,31.26,2609,3666,71.17
DT Tiripano,66,67,660.6,2792,5.55,29.76,18.24,2589,3963,65.33
Yasin Patel,66,49,181.3,1091,6.17,10.83,10.64,532,1088,48.9
Sohag Gazi,66,46,712.9,2689,5.08,45.47,30.45,2753,4278,64.35
N McAndrew,65,67,206.9,1877,9.27,8.77,12.86,430,1241,34.65
H Thaker,65,64,300.2,1525,5.76,13.34,9.69,919,1801,51.03
MR Gillespie,65,43,372.5,2029,6.21,19.56,17.23,1373,2235,61.43
D Olivier,64,31,401.0,1623,4.19,37.94,25.39,1710,2406,71.07
SH Johnson,64,49,188.3,1557,8.68,9.85,14.36,506,1130,44.78
B Shikongo,64,61,241.7,1556,7.08,12.21,12.81,729,1450,50.28
RP Burl,64,84,245.6,1748,8.04,7.34,7.87,582,1473,39.51
LN Oluoch,64,56,165.7,1223,7.68,7.52,8.01,461,994,46.38
Ali Naseer,64,50,226.9,1559,7.35,11.81,13.52,614,1361,45.11
S Thakor,64,51,161.0,907,6.07,9.4,7.66,495,966,51.24
D Madushanka,63,38,234.2,1595,7.81,21.73,24.36,727,1405,51.74
KP Meiyappan,63,46,253.3,1493,6.67,13.84,13.28,703,1520,46.25
SA Jumbe,63,57,165.1,1320,8.04,7.8,10.61,394,990,39.8
SA Okpe,63,62,178.7,1045,6.51,8.0,7.13,480,1072,44.78
D Gough,63,41,350.0,1644,4.91,24.63,18.96,1317,2100,62.71
SI Mahmood,63,42,394.7,2074,6.04,25.28,23.24,1452,2369,61.29
Tanzim Hasan Sakib,63,46,223.6,1600,7.72,16.03,19.91,651,1342,48.51
Aamir Kaleem,63,52,215.0,1211,7.36,10.99,9.21,658,1290,51.01
I Udana,62,62,279.7,2139,8.12,14.12,18.13,627,1678,37.37
B Ward,62,40,162.7,954,6.09,10.53,9.69,411,976,42.11
S Nadeem,62,74,312.1,2077,7.7,12.27,13.02,784,1873,41.86
Sajid Khan,62,23,470.5,1659,3.81,61.35,32.97,1940,2823,68.72
J Miyaji,62,39,128.4,849,6.72,9.26,10.43,400,770,51.95
Harshit Rana,62,43,200.6,1573,9.04,13.75,16.91,579,1203,48.13
AR Cusack,62,53,241.3,1444,6.56,12.97,13.37,697,1448,48.14
Abdul Majid Abbasi,62,61,214.7,1235,5.97,11.42,10.55,620,1288,48.14
VJ Kingma,61,51,280.8,1684,6.45,19.83,20.25,972,1684,57.72
DJ Hussey,61,100,270.6,1786,7.15,5.0,5.08,590,1624,36.33
Mohammad Nadeem,61,77,260.6,1764,7.79,8.76,9.86,673,1563,43.06
M Kelly,61,39,139.3,1146,8.41,10.31,13.95,307,835,36.77
Yasir Arafat,61,42,259.0,1550,7.1,15.82,15.25,837,1554,53.86
Muhammad Jawadullah,60,41,188.6,1364,7.58,13.3,15.23,511,1131,45.18
R Abdulkareem,60,47,122.7,807,6.86,9.34,10.73,321,736,43.61
Usman Shinwari,60,40,212.0,1263,6.63,16.25,15.92,667,1272,52.44
JH Davey,60,44,225.2,1427,6.94,15.82,15.52,663,1351,49.07
Rishad Hossain,60,51,210.6,1572,8.01,14.42,17.45,510,1264,40.35
C Kyewuta,60,42,137.4,965,7.14,8.84,10.09,402,824,48.79
Hamza Tahir,60,44,292.3,1505,5.97,18.84,16.62,878,1754,50.06
S Vijay Unni,59,54,171.7,1081,6.71,10.22,9.69,452,1031,43.84
KV Morea,59,37,186.3,1062,6.83,13.35,12.54,574,1118,51.34
D Maisuria,58,29,101.7,594,6.74,8.13,7.54,314,610,51.48
Sayed Monib,58,36,112.4,981,9.24,8.04,10.23,259,674,38.43
Mohammad Hasnain,58,48,243.2,1835,8.02,14.77,17.73,634,1459,43.45
N Boje,58,50,725.8,2654,4.52,32.62,20.98,2925,4355,67.16
GD Elliott,58,73,279.0,1514,6.46,8.93,8.07,823,1674,49.16
DT Johnston,58,50,307.3,1546,5.27,17.86,14.77,1055,1844,57.21
HR Walsh,57,53,260.1,1704,7.43,13.55,13.38,648,1561,41.51
Umran Malik,57,43,167.0,1445,9.82,11.22,15.15,442,1001,44.16
HH Streak,57,40,447.4,1908,4.35,32.57,22.05,1787,2685,66.55
GD Phillips,57,64,411.3,1917,6.12,18.92,14.17,1324,2468,53.65
N Senamontree,57,41,149.6,838,5.7,13.93,12.46,472,898,52.56
O Thomas,57,47,224.4,1744,8.43,15.74,21.79,641,1346,47.62
TU Deshpande,57,48,167.0,1672,10.03,9.73,15.73,358,1002,35.73
YM Nkanya,56,42,139.5,783,5.85,10.25,9.05,402,837,48.03
CN Greaves,56,50,185.8,1189,6.97,12.8,12.93,469,1115,42.06
H Kerr,56,48,151.8,1290,8.59,10.08,14.05,269,911,29.53
J Overton,56,41,200.7,1381,8.42,14.97,15.51,601,1205,49.88
Muslim Yar,55,44,149.8,1013,7.3,10.32,11.12,361,899,40.16
Ghulam Ahmadi,55,46,170.0,1083,6.68,9.44,9.39,524,1020,51.37
Bilal Hassun,54,35,114.5,838,7.2,8.06,9.63,329,686,47.96
TS Mills,54,45,162.3,1474,9.37,11.02,15.97,347,974,35.63
TM Odoyo,54,42,280.9,1287,4.66,24.01,18.74,1062,1685,63.03
JDF Vandersay,54,45,306.8,1844,7.14,19.01,18.1,796,1841,43.24
Mudassar Bukhari,54,40,180.5,1087,6.53,12.62,11.66,557,1083,51.43
BE Hendricks,54,35,191.0,1376,8.38,16.58,18.91,532,1146,46.42
Aizaz Cheema,54,33,326.6,1375,4.76,25.43,18.75,1265,1960,64.54
GT Main,54,29,152.0,964,7.17,16.25,17.93,494,912,54.17
RR Powar,54,57,348.8,1791,6.26,17.54,13.58,1106,2093,52.84
JN Loftie-Eaton,54,61,199.0,1201,6.58,7.25,6.5,548,1193,45.93
STR Binny,54,85,260.7,1518,7.34,7.43,6.5,808,1564,51.66
Gulsan Jha,53,59,228.8,1525,7.62,11.7,12.46,656,1373,47.78
S Gopal,53,51,165.2,1358,8.61,9.24,12.91,317,991,31.99
IKEG Artawan,53,53,145.2,955,7.33,8.84,8.58,361,871,41.45
Syed Aziz,53,57,162.2,1307,8.34,7.94,9.05,398,973,40.9
Ali Khan,53,33,175.9,1118,7.37,15.52,17.21,537,1055,50.9
R Sharma,53,52,201.4,1397,7.34,13.97,14.99,453,1208,37.5
AD Mascarenhas,53,53,253.3,1550,7.24,11.49,12.08,716,1520,47.11
AM Hardie,53,60,197.4,1471,7.92,8.77,10.24,512,1184,43.24
KR Mayers,53,71,395.6,1554,5.87,16.07,8.82,1627,2373,68.56
C Karunaratne,53,65,273.7,1883,7.21,13.01,14.47,678,1642,41.29
E Sebareme,52,44,127.6,768,6.6,8.73,8.82,373,766,48.69
AJ Bichel,52,36,405.9,1638,4.21,35.62,25.52,1665,2436,68.35
MD Craig,52,29,611.5,2365,4.1,60.09,36.25,2548,3669,69.45
Janak Prakash,52,39,135.4,1214,9.08,10.38,15.18,295,812,36.33
RM Koda,52,54,172.2,1170,7.33,7.2,7.13,479,1033,46.37
AR Nurse,52,58,398.8,2333,6.55,17.58,16.1,1004,2393,41.96
SR Taylor,51,59,291.9,1423,5.66,15.72,10.88,947,1751,54.08
Navdeep Saini,51,53,253.3,1866,8.26,12.37,14.6,747,1520,49.14
CP Tremain,51,53,209.1,1666,8.36,13.5,16.94,493,1255,39.28
N Pokana,51,39,210.2,1163,6.15,17.26,16.85,682,1261,54.08
Sohail Khan,51,34,429.7,1897,5.02,33.18,25.0,1699,2578,65.9
AM Phangiso,51,37,237.8,1294,6.13,23.37,21.6,718,1427,50.32
MJ Potts,51,30,411.1,1583,4.59,45.14,28.65,1774,2467,71.91
Usman Najeeb,51,36,123.5,997,8.08,9.94,12.66,308,741,41.57
E Rukiriza,51,50,154.3,1058,7.51,8.94,9.44,398,926,42.98
K Irakoze,51,53,154.6,1102,7.86,8.11,8.39,395,928,42.56
BM Tickner,51,37,266.4,1673,7.64,19.99,22.28,837,1599,52.35
Nadeem Ahmed,51,36,210.5,1074,5.84,14.42,12.07,727,1263,57.56
Khizar Hayat,50,48,154.0,988,6.77,10.33,10.47,362,924,39.18
A Shukla,50,51,162.1,1315,8.26,11.08,14.28,414,973,42.55
C Rububagumya,50,48,128.8,1008,7.97,9.15,11.29,307,772,39.77
BV Vitori,50,38,348.8,1840,6.4,24.86,21.84,1237,2093,59.1
SB Jakati,50,57,180.9,1474,8.4,8.19,9.98,337,1085,31.06
NN Odhiambo,50,48,216.3,1487,7.79,14.32,15.96,674,1297,51.97
Noor Ahmad,50,43,153.9,1275,8.47,9.53,13.49,315,924,34.09
HTRY Thornton,50,32,111.8,996,8.82,11.98,17.69,250,671,37.26
Rehan Ahmed,49,25,255.0,1261,6.61,27.65,22.74,883,1530,57.71
M Mooketsi,49,39,140.7,931,6.69,12.35,13.89,418,844,49.53
Yasir Ali,49,32,111.5,631,6.21,12.24,10.87,336,669,50.22
DL Brangman,49,34,110.2,632,6.78,9.82,7.96,350,661,52.95
L Pope,49,40,129.0,1104,8.75,8.04,11.7,218,774,28.17
DJM Short,49,88,194.6,1654,9.16,4.42,5.4,321,1168,27.48
SI Kamea,49,37,212.0,1280,6.47,17.76,17.68,691,1272,54.32
Kushal Malla,49,56,237.2,1159,5.51,14.07,10.36,722,1423,50.74
Nasum Ahmed,49,49,237.0,1444,7.24,11.28,11.45,699,1422,49.16
S Aravind,49,39,130.4,1101,8.98,10.62,14.46,294,782,37.6
MA Beer,48,55,253.2,1447,6.84,14.16,11.68,718,1519,47.27
J Sumerauer,48,39,147.3,1030,7.65,10.87,12.19,407,884,46.04
Riazat Ali Shah,48,44,123.9,899,7.55,7.22,8.76,316,743,42.53
B Evans,48,36,199.9,1203,6.87,11.56,12.66,606,1199,50.54
JF Mooney,48,39,223.0,1267,6.21,16.76,15.61,719,1338,53.74
HK Bennett,47,30,199.5,1223,6.75,15.26,16.34,616,1197,51.46
LR Morris,47,38,131.3,1035,8.53,9.22,10.85,337,788,42.77
Zain Ul Abidin,47,42,137.1,800,6.36,10.92,10.31,376,823,45.69
Fitri Sham,47,36,124.3,862,7.18,11.6,12.64,304,746,40.75
Muhammad Nadir,47,45,165.8,909,5.43,12.93,10.49,515,995,51.76
S Ravichandran,47,35,108.3,539,5.16,8.99,7.33,345,650,53.08
SW Masakadza,47,28,299.2,1495,7.03,33.05,27.43,1098,1795,61.17
Usman Qadir,47,39,139.0,1145,8.66,13.05,16.84,284,834,34.05
Umar Adam,47,36,122.3,919,8.57,9.97,11.1,326,734,44.41
NJ Rimmington,47,42,132.0,1094,8.32,7.25,10.02,276,792,34.85
V Saini,47,44,142.1,1051,7.56,9.22,11.08,362,853,42.44
NO Miller,47,49,337.5,1711,5.5,19.91,17.29,984,2025,48.59
Khalid Ahmadi,46,28,98.1,682,7.16,8.81,9.38,270,589,45.84
Shiraz Khan,46,43,146.7,947,6.57,9.88,9.42,386,880,43.86
Mohammad Nabi,46,63,176.2,1325,8.3,8.44,9.64,347,1058,32.8
R Ravindra,46,58,351.7,1691,5.9,13.97,11.5,1179,2110,55.88
SVE Bharathi,46,34,115.9,598,5.69,8.92,7.21,354,695,50.94
HMCM Bandara,46,34,310.7,1437,5.21,25.8,18.67,983,1864,52.74
OF Smith,46,41,137.2,1227,9.89,13.27,19.43,339,823,41.19
BTJ Wheal,46,33,175.9,1055,7.38,15.81,15.75,576,1055,54.6
S Prasanna,45,57,390.5,2188,6.11,17.6,15.68,1047,2343,44.69
MW Short,45,80,200.4,1487,8.05,6.78,8.4,417,1202,34.69
Yash Dayal,45,43,145.4,1412,9.81,11.49,17.19,307,872,35.21
Mohamed Shafeeq,45,40,139.3,1107,7.91,12.98,17.28,371,836,44.38
LA Burns,45,27,99.7,591,5.74,11.84,12.85,283,598,47.32
BMAJ Mendis,45,65,277.0,1536,6.06,9.06,8.33,668,1662,40.19
GJ Delany,45,62,194.3,1455,8.13,8.65,9.41,410,1166,35.16
Iqbal Abdulla,45,48,153.3,1125,7.46,9.08,10.01,331,920,35.98
IG Butler,45,33,199.7,1204,7.29,16.85,16.54,627,1198,52.34
B Doggett,45,48,148.4,1254,8.91,9.7,12.3,327,890,36.74
AK Markram,45,112,359.3,2131,7.03,7.79,6.77,1016,2155,47.15
K Waiswa,45,32,91.0,679,7.6,8.83,9.36,223,546,40.84
GI Hume,45,31,221.0,1272,6.8,24.12,22.72,726,1326,54.75
K Nassoro,45,52,136.9,956,7.71,8.34,8.17,362,821,44.09
Umair Tariq,44,30,73.2,559,8.63,6.5,7.5,204,439,46.47
SR Tendulkar,44,110,474.7,2369,5.4,10.34,8.6,1461,2848,51.3
Nayeem Hasan,44,23,412.6,1313,3.71,42.53,21.75,1768,2476,71.41
P Useni,44,51,123.7,807,6.81,7.74,8.21,382,742,51.48
Qamar Mushtaque,44,28,84.0,613,7.4,7.32,8.4,214,504,42.46
SC Ganguly,44,89,382.2,1743,5.72,9.6,6.35,1366,2293,59.57
Taranjeet Singh,44,36,117.5,792,7.15,9.13,9.59,304,705,43.12
PJ Sangwan,44,42,142.7,1267,9.28,11.98,16.74,319,856,37.27
J Coetzee,44,23,78.3,399,5.03,12.07,10.98,270,470,57.45
PR Stirling,44,81,324.0,1815,6.49,8.8,6.93,865,1944,44.5
JD Wildermuth,44,54,170.1,1409,8.58,10.72,14.94,344,1021,33.69
CJ Chibhabha,44,70,310.5,1866,7.02,11.7,11.59,952,1863,51.1
V Vijh,44,35,111.8,908,8.64,9.16,11.4,210,671,31.3
S Veerapathiran,44,38,116.0,955,8.41,12.06,16.06,253,696,36.35
A Nao,43,35,194.4,1056,5.69,16.44,14.11,637,1166,54.63
Agha Salman,43,68,465.9,2187,5.99,14.21,11.06,1577,2795,56.42
T Murphy,43,39,258.8,1061,6.02,15.39,11.43,966,1553,62.2
DJ Worrall,43,49,182.6,1465,8.23,8.53,10.54,481,1096,43.89
RM Haq,43,28,179.8,922,5.66,19.18,16.98,539,1079,49.95
CO Obuya,43,43,189.8,1036,6.16,10.88,9.43,566,1139,49.69
Mohammad Nawaz (3),43,45,254.3,1289,6.13,15.5,13.14,822,1526,53.87
P Awana,43,35,130.5,1118,8.74,11.57,15.54,301,783,38.44
P Hatzoglou,43,45,158.0,1261,8.11,10.91,13.99,298,948,31.43
S Shrivastava,43,30,141.0,855,7.74,14.32,13.62,419,846,49.53
SR Patel,43,63,401.9,2043,6.55,18.1,13.48,1217,2411,50.48
BD Glover,43,30,129.8,864,6.93,13.5,13.56,393,779,50.45
LJ Wright,43,79,265.1,1751,7.82,9.03,9.15,644,1591,40.48
Sazib Bhuiyan,42,24,75.2,649,8.93,9.94,14.07,137,451,30.38
Sahel Zadran,42,37,120.5,894,7.49,9.39,11.11,309,722,42.8
Nasir Hossain,42,78,390.7,1714,5.21,9.81,7.44,1314,2344,56.06
Enamul Haque jnr,42,31,557.6,1900,3.73,46.59,26.97,2307,3345,68.97
RR Patel,42,39,110.8,644,6.57,8.13,6.67,294,665,44.21
W Sutherland,42,56,163.8,1433,9.26,7.49,10.1,346,983,35.2
K Bhurtel,42,37,125.2,705,6.24,9.01,8.15,357,751,47.54
AM Blignaut,42,38,349.5,1770,5.48,16.11,13.05,1322,2097,63.04
Syazrul Idrus,42,25,78.0,565,7.98,10.66,13.9,213,468,45.51
UDU Chandana,42,30,301.4,1356,4.86,29.78,23.14,1047,1808,57.91
MS Gony,41,46,161.0,1395,9.35,11.22,15.29,390,966,40.37
OH Agbomadzie,41,33,112.3,636,5.68,7.11,5.37,341,674,50.59
E Otieno,41,36,145.6,1043,7.88,11.45,12.04,434,874,49.66
Sahir Naqash,41,27,77.7,597,8.01,9.76,11.57,183,466,39.27
DN Wellalage,41,34,234.3,1214,5.3,17.12,14.65,721,1406,51.28
H Fennell,41,21,75.2,463,6.22,12.47,11.98,240,451,53.22
M Koli,41,29,105.8,777,7.61,13.46,16.98,311,635,48.98
Ahsan Malik,41,28,108.0,791,7.61,9.77,12.76,241,648,37.19
S Muniandy,41,43,119.1,1080,9.31,6.7,9.73,215,715,30.07
Bilal Zalmai,41,35,136.8,965,7.05,12.81,15.32,319,821,38.86
N Thushara,41,33,113.9,983,8.76,10.09,13.97,238,683,34.85
LB Williams,41,27,152.3,1113,8.94,16.34,20.45,457,914,50.0
Milind Kumar,41,26,136.2,679,6.17,18.2,13.5,452,817,55.32
Azhar Mahmood,40,35,160.1,1068,7.23,10.9,11.6,436,961,45.37
W Madhevere,40,69,258.5,1408,6.94,9.2,6.91,735,1551,47.39
T Mupariwa,40,30,232.6,1270,5.67,22.47,19.58,749,1396,53.65
Abbas Afridi,40,23,69.6,602,8.5,9.04,13.55,150,418,35.89
IK Gamantika,40,38,108.2,656,7.23,7.23,5.79,280,649,43.14
Shivam Mavi,40,38,122.2,1082,9.29,12.28,17.84,286,733,39.02
R Hekure,40,43,203.6,1085,5.98,11.79,10.84,606,1222,49.59
JS Paris,40,46,159.1,1365,9.0,11.41,15.72,369,954,38.68
P Negi,40,43,122.4,970,8.27,8.95,10.83,245,734,33.38
G Sesay,40,27,74.9,452,6.27,11.03,11.65,241,449,53.67
Nasrulla Rana,40,47,114.3,1001,9.36,6.1,7.65,263,686,38.34
D Paterson,39,25,284.4,1171,5.44,38.3,23.97,1168,1707,68.42
N Burger,39,24,161.4,990,7.18,17.31,19.64,582,968,60.12
V Permaul,39,25,408.0,1495,4.6,59.01,35.17,1657,2448,67.69
Raja Adeel,39,26,88.0,549,6.21,10.23,11.6,266,528,50.38
Akash Deep,39,32,302.3,1600,7.67,28.5,23.29,1164,1814,64.17
KDA Lukies,39,25,92.8,527,5.82,11.54,10.88,296,557,53.14
S Bodha,39,29,88.1,736,8.72,9.92,13.75,199,528,37.69
BV Sears,39,26,133.5,945,8.11,14.25,17.24,379,801,47.32
Ijaz Hussain,39,26,75.0,585,7.93,9.91,12.6,179,450,39.78
Rizwan Haider,39,33,94.3,724,7.68,9.99,12.11,239,566,42.23
Arafat Sunny,39,25,159.3,817,5.78,19.94,18.29,490,956,51.26
P Mishra,39,37,127.4,993,8.09,10.19,12.19,292,764,38.22
VG Arora,39,32,106.5,1029,9.95,10.2,16.47,237,639,37.09
L Wood,39,28,106.1,977,9.55,9.28,14.96,232,637,36.42
BC Fortuin,39,35,147.3,1017,8.11,13.97,15.38,385,884,43.55
Amjad Sher,38,29,107.7,727,6.79,10.44,11.63,323,646,50.0
BA Williams,38,21,197.5,787,4.12,31.41,21.79,816,1185,68.86
I Danladi,38,36,88.7,537,6.85,5.07,4.47,234,532,43.98
H Masakadza,38,88,386.8,1735,5.64,10.48,6.9,1343,2321,57.86
JT Ball,38,33,291.0,1715,7.21,28.51,27.94,946,1746,54.18
KOK Williams,38,27,124.4,985,9.27,14.92,18.85,282,746,37.8
SO Tikolo,38,31,192.4,1011,5.8,17.6,14.57,573,1155,49.61
Sarfaraz Ali,38,37,112.1,821,7.52,9.22,10.5,244,673,36.26
C Rumistrzewicz,38,22,79.9,401,5.42,8.21,5.75,228,480,47.5
M Dillon,38,26,292.9,1115,4.23,31.13,19.3,1199,1757,68.24
HF Gurney,37,33,158.8,1129,7.52,12.58,16.26,390,953,40.92
N Nipiko,37,22,64.8,530,8.69,6.65,8.51,168,389,43.19
Shabbir Ahmed,37,21,266.1,958,4.14,30.33,17.83,1162,1597,72.76
PJ Ongondo,37,37,228.0,1111,5.26,18.32,13.12,890,1368,65.06
Sirajullah Khadim,37,25,84.5,521,6.5,11.62,11.9,238,507,46.94
Naeem Islam,37,59,327.8,1566,5.93,12.27,9.45,998,1967,50.74
Dawood Ahmadzai,37,32,113.0,733,6.96,9.19,8.89,309,678,45.58
DL Piedt,37,20,404.5,1564,3.98,42.64,29.5,1633,2427,67.28
LT Bichard,37,30,98.5,616,6.62,7.97,8.19,252,591,42.64
AJ Parmar,37,21,72.0,461,6.84,10.18,11.34,178,432,41.2
AC Thomas,37,35,123.2,922,7.55,8.54,11.05,283,739,38.29
RD Berrington,37,65,191.9,1181,6.97,9.54,9.05,500,1151,43.44
G Onions,37,20,301.7,1226,4.5,49.68,32.86,1258,1810,69.5
JOA Gordon,37,26,126.8,853,7.01,16.9,18.39,394,761,51.77
Sami Sohail,37,30,88.3,669,7.85,8.94,11.21,195,530,36.79
Ali Nayyer,37,25,90.0,678,7.54,13.4,17.64,239,540,44.26
M Markande,37,38,124.0,1112,9.26,8.66,12.37,216,744,29.03
M Labuschagne,37,77,293.3,1449,6.03,6.14,4.75,970,1760,55.11
R Sai Kishore,36,27,81.5,693,9.3,11.96,17.05,160,489,32.72
Amjad Mahboob,36,26,86.7,740,8.5,10.9,15.04,191,520,36.73
GF Linde,36,29,162.8,853,6.96,9.99,10.19,555,977,56.81
R Tewatia,36,52,140.5,1117,8.58,5.98,7.05,264,843,31.32
CJ Gannon,36,28,94.0,836,8.86,8.05,11.66,163,564,28.9
Amjad Javed,36,30,143.0,941,6.98,10.27,11.44,419,858,48.83
Soumya Sarkar,36,62,214.7,1272,7.42,8.77,8.57,616,1288,47.83
ML Cummins,36,31,394.4,1587,4.39,25.63,18.13,1626,2366,68.72
DM Bess,36,22,417.1,1257,3.44,57.68,28.04,1854,2502,74.1
Sarawut Maliwan,36,33,97.2,636,6.8,9.56,9.96,217,583,37.22
Abu Jayed,36,21,349.3,1301,4.15,28.67,17.89,1513,2096,72.19
KK Cooper,36,25,96.0,789,8.24,10.04,14.03,184,576,31.94
Usama Mir,36,27,152.0,1030,7.27,20.41,22.77,346,912,37.94
B White,36,38,199.5,1467,8.23,22.22,26.0,480,1197,40.1
FA Allen,36,57,225.8,1534,7.31,12.04,13.23,512,1355,37.79
JJ Bazley,36,39,115.1,1031,9.24,9.33,13.29,216,691,31.26
Mohameed Taiwo,35,43,119.6,802,6.89,6.0,5.68,345,718,48.05
SA Ahmad,35,29,92.0,535,6.03,10.17,9.3,253,552,45.83
Imran Haider,35,26,158.2,934,7.4,21.58,21.77,456,949,48.05
Usman Khan,35,24,69.8,479,6.81,7.56,8.43,188,419,44.87
Vinay Ravi,35,34,101.6,699,7.16,10.31,11.24,315,609,51.72
VP Thamotharam,35,45,122.9,964,8.57,7.41,8.56,281,737,38.13
Harpreet Brar,35,46,135.2,1097,8.48,6.59,8.0,269,811,33.17
M Ashwin,35,44,145.0,1182,8.51,9.73,12.48,283,870,32.53
SR Thompson,35,39,167.2,1033,7.69,10.83,10.53,534,1003,53.24
Ayan Khan,35,59,237.4,1326,7.05,13.29,10.85,728,1425,51.09
L Bruce,34,37,114.3,922,8.56,8.65,10.18,264,686,38.48
C Hinze,34,23,71.7,354,4.87,6.86,4.98,250,430,58.14
BB Sran,34,32,138.8,1088,8.79,12.97,17.89,358,833,42.98
K Hinds,34,26,91.0,528,6.39,9.76,9.04,291,546,53.3
GC Murtaza,34,26,88.8,669,8.37,8.49,9.39,246,533,46.15
Nazmul Hossain,34,30,219.3,1117,5.69,20.98,18.06,792,1316,60.18
M Taniyama,34,27,61.7,323,5.94,4.68,3.12,192,370,51.89
Khaled Mahmud,34,34,323.2,1438,5.46,22.59,16.14,1195,1939,61.63
P Koech,33,29,78.3,621,8.25,7.0,9.05,223,470,47.45
RN ten Doeschate,33,30,147.5,911,6.49,14.97,16.15,424,885,47.91
Rahmatullah Mangal,33,22,69.4,487,7.29,9.17,11.68,195,416,46.88
DAS Gunaratne,33,41,189.8,1056,6.36,14.63,12.7,486,1139,42.67
C Wright,33,30,93.6,663,7.11,10.92,12.48,248,562,44.13
SC van Schalkwyk,33,26,126.7,918,8.24,11.58,14.66,328,760,43.16
D Parashar,33,31,143.3,818,6.29,18.55,17.33,428,860,49.77
B Mavuta,33,29,231.0,1123,6.41,16.04,13.25,756,1386,54.55
C Bosch,33,22,158.7,917,6.94,19.97,20.2,530,952,55.67
Khaled Ahmed,33,31,429.5,1612,4.21,31.41,16.51,1821,2577,70.66
Qais Ahmad,33,27,100.7,785,7.89,13.04,16.88,185,604,30.63
MC Sorensen,33,26,119.5,796,7.64,11.13,12.72,350,717,48.81
Haroon Arshad,32,33,83.7,743,9.51,6.02,7.33,197,502,39.24
BA Pai,32,34,114.5,785,6.86,9.61,10.54,327,687,47.6
MH Yardy,32,40,258.0,1353,5.55,16.98,14.6,692,1548,44.7
Adnan Idrees,32,28,81.8,631,8.45,9.6,11.79,185,491,37.68
HS Baidwan,32,23,155.0,893,6.4,25.3,22.86,488,930,52.47
Mohsin Khan,32,26,90.0,771,8.8,12.38,17.42,232,540,42.96
LA Dawson,32,33,260.0,1266,7.08,22.29,20.54,863,1560,55.32
Ibrahim Hassan,32,38,109.9,847,8.22,6.0,6.92,303,659,45.98
Tapash Baisya,32,31,292.4,1569,5.81,27.62,23.74,1075,1755,61.25
D Ravu,32,34,152.5,942,6.57,8.59,8.7,476,915,52.02
P Jayawickrama,32,20,266.2,951,5.33,23.7,15.25,1101,1597,68.94
EJB Miles,32,25,88.0,558,6.47,9.96,10.58,217,528,41.1
Muhammad Amir,32,24,68.1,502,7.71,8.84,10.91,161,409,39.36
AR Adams,32,21,147.3,838,6.62,19.3,17.79,520,884,58.82
Abdullah Akbarjan,32,21,71.3,492,6.99,13.39,16.47,142,428,33.18
DT Hondo,32,32,222.6,1186,5.46,24.42,21.06,772,1336,57.78
LJ Myott,32,21,74.5,460,6.15,13.64,14.24,184,447,41.16
DMW Rawlins,31,34,106.0,670,7.22,7.91,7.74,310,636,48.74
Mosaddek Hossain,31,62,236.0,1342,6.36,8.69,6.97,624,1416,44.07
A Morris,31,24,87.2,515,6.46,11.02,8.63,259,523,49.52
D Jakiel,31,26,78.9,631,8.07,9.53,13.78,227,474,47.89
V Zimonjic,31,25,84.2,654,8.22,12.57,14.3,239,505,47.33
Mohammad Ashraful,31,75,243.8,1257,6.61,8.37,6.63,744,1462,50.89
JJ Krejza,31,20,223.6,1138,5.96,22.95,19.99,721,1342,53.73
A Singh,31,23,78.8,639,8.41,10.59,13.49,189,473,39.96
Bilal Muhammad,31,22,84.2,586,6.82,12.95,15.42,235,505,46.53
R Sakurano-Thomas,31,30,74.1,511,7.01,8.75,8.67,224,445,50.34
AR Puri,31,36,111.0,885,8.79,9.81,12.17,245,666,36.79
I Ntirenganya,31,31,97.6,772,8.14,12.68,16.0,254,586,43.34
RK Kleinveldt,31,22,207.0,1022,6.06,24.5,20.47,813,1242,65.46
WW Hinds,31,26,163.4,739,5.17,15.86,11.55,552,980,56.33
Ikramullah Khan,31,25,76.0,674,9.84,10.48,14.65,149,456,32.68
CAH Stevenson,31,24,134.5,840,6.93,15.69,17.23,410,807,50.81
JJ van der Wath,31,20,127.9,916,7.53,17.37,21.39,338,767,44.07
AJ McKay,31,22,191.0,977,5.37,31.0,24.56,698,1146,60.91
Anwar Ali,31,35,192.7,1282,7.2,16.62,17.83,511,1156,44.2
CA Rose,31,56,157.8,1327,8.84,7.61,10.08,311,947,32.84
HA Varaiya,30,27,149.9,794,6.12,21.19,17.43,459,900,51.0
S Conteh,30,23,67.6,393,5.72,7.74,7.75,197,406,48.52
CL Cairns,30,29,223.3,1030,5.34,30.73,24.1,823,1340,61.42
D Klein,30,23,88.1,550,6.22,12.75,12.67,265,528,50.19
RG Sharma,30,96,232.3,1334,6.96,3.85,3.3,575,1394,41.25
ND Laegsgaard,30,24,76.5,451,5.91,8.54,7.8,229,459,49.89
J Shaju,30,20,66.5,521,7.84,6.63,8.82,164,399,41.1
SZ Vayani,30,27,89.8,635,7.97,10.07,10.9,246,539,45.64
C Udekwe,30,24,75.1,453,5.98,10.53,10.23,245,451,54.32
Ibrahim Rizan,30,31,93.4,662,8.64,7.71,8.28,224,560,40.0
IJ Harvey,30,21,152.2,713,4.63,20.15,14.25,512,913,56.08
KC Brathwaite,30,81,493.4,1736,3.79,10.38,7.17,1805,2961,60.96
Muhammad Wafiq,30,36,108.5,854,8.49,10.14,13.08,272,651,41.78
MB Tambe,30,26,80.5,588,7.55,9.84,12.67,184,483,38.1
Habib Khan,30,21,74.4,540,7.39,11.12,14.5,191,446,42.83
Ateeq Iqbal,30,35,103.8,666,6.86,9.96,10.3,288,623,46.23
Namgay Thinley,30,23,78.7,472,5.96,10.17,11.37,222,472,47.03
Jay Odedra,29,30,164.0,742,5.4,15.23,10.94,582,984,59.15
Robiul Islam,29,21,333.2,1172,4.71,43.8,26.65,1453,1999,72.69
SM Ervine,29,21,159.0,857,5.9,28.07,24.71,503,954,52.73
W Nalisa,29,22,76.8,568,7.84,10.82,13.79,175,461,37.96
MJ Mason,29,25,186.5,997,5.74,21.98,20.35,673,1119,60.14
Shivam Sharma,29,20,92.0,546,6.06,13.46,13.6,265,552,48.01
JD Ryder,29,50,183.1,1005,6.76,8.46,7.26,610,1099,55.51
SC Kuggeleijn,29,27,134.8,928,8.29,12.85,13.85,403,809,49.81
J Kariko,29,20,81.8,443,5.78,15.84,15.24,227,491,46.23
R Dhawan,29,40,139.3,1125,8.4,9.35,12.2,272,836,32.54
Ashwin Vinod,29,22,73.2,542,8.29,9.76,10.33,214,439,48.75
TAM Siriwardana,29,42,190.9,1005,6.27,10.55,9.37,583,1146,50.87
I Takahashi,29,34,86.5,520,6.41,8.35,7.05,261,519,50.29
P Malav,29,21,72.3,562,8.08,10.0,14.18,151,434,34.79
S Vashisht,28,23,73.2,491,6.99,7.78,7.22,225,439,51.25
D Sabir,28,20,58.2,346,6.36,9.35,9.22,150,349,42.98
SA Mohandas,28,26,87.0,685,8.28,12.62,15.4,235,522,45.02
E Kubwimana,28,23,66.4,629,10.31,9.3,14.06,149,398,37.44
DG Blampied,28,33,93.2,646,7.54,7.53,8.03,215,559,38.46
PV Tambe,28,33,110.0,866,8.2,9.15,11.57,204,660,30.91
V Baskaran,28,31,95.8,713,8.01,8.51,9.19,233,575,40.52
H Lakov,28,25,88.8,764,8.64,10.12,15.36,226,533,42.4
G Bakiweyem,28,32,93.0,650,7.53,8.2,9.0,266,558,47.67
HA Chohan,28,24,75.0,476,6.5,11.83,12.68,222,450,49.33
AB McDonald,28,26,166.0,722,7.35,25.5,15.86,658,996,66.06
GB Brent,28,25,190.8,953,5.27,22.52,18.66,693,1145,60.52
Yash Thakur,28,21,73.8,782,10.75,11.73,19.18,138,443,31.15
J Rasu,28,23,74.2,565,8.25,10.39,12.63,196,445,44.04
LC Hatcher,28,23,81.9,735,9.43,8.13,11.86,175,491,35.64
Kashif Daud,28,33,147.3,779,5.88,11.42,10.1,484,884,54.75
H Osinde,28,21,124.9,646,6.39,15.0,12.1,489,749,65.29
JA Burrows,28,20,58.5,442,9.26,9.12,11.08,144,351,41.03
KP Pietersen,28,98,319.1,1580,5.55,4.52,4.15,1033,1915,53.94
N Madziva,28,21,105.9,763,7.75,12.29,14.66,285,635,44.88
KM Jadhav,28,41,190.9,1005,5.78,10.55,8.44,514,1145,44.89
Hisham Sheikh,28,29,95.0,686,8.67,8.82,10.62,219,570,38.42
S Bau,27,48,155.0,865,6.42,8.56,7.38,464,930,49.89
Festus Benn,27,20,62.5,406,6.54,7.79,8.0,166,375,44.27
Shariz Ahmad,27,30,126.7,823,7.35,14.27,15.08,327,760,43.03
BJ Webster,27,47,154.2,898,6.75,7.71,7.11,431,925,46.59
OP Stone,27,20,175.3,906,5.83,21.48,16.07,642,1052,61.03
N Deonarine,27,41,289.2,1115,5.2,12.13,6.96,1051,1735,60.58
VM Nyauchi,27,26,308.3,1215,4.94,34.46,21.62,1288,1850,69.62
DS Lehmann,27,29,163.8,670,5.26,12.66,8.61,565,983,57.48
Mohammed Nadeem,27,24,86.0,556,6.65,12.29,13.21,206,516,39.92
CN Ackermann,27,33,149.5,756,5.45,12.77,10.98,475,897,52.95
KT Maphaka,27,23,118.9,952,9.51,15.08,17.35,333,714,46.64
Waqar Zalmai,27,22,67.5,559,8.89,10.27,13.18,169,405,41.73
Zahir Khan,27,29,107.5,819,7.75,10.52,13.83,210,645,32.56
J Jarvis,27,22,107.9,669,7.22,16.27,15.62,337,647,52.09
DJ Mitchell,27,54,200.5,985,6.63,5.5,4.26,710,1203,59.02
GM Muthui,27,23,69.0,498,7.53,6.86,7.14,208,414,50.24
Iftikhar Ahmed,27,50,207.1,1213,6.88,9.24,8.47,548,1243,44.09
PKD Chase,27,20,128.5,1027,8.71,18.65,24.05,369,771,47.86
TS Chisoro,27,24,236.5,997,5.56,24.34,14.29,865,1419,60.96
EB Ringera,27,24,74.8,538,7.17,10.46,13.24,200,449,44.54
T Gwandu,27,26,115.5,846,8.48,14.47,16.52,327,693,47.19
Huzaifa Mohammed,27,24,86.8,550,6.56,12.04,11.8,238,521,45.68
Saim Ayub,26,32,124.7,746,6.12,14.44,12.29,345,748,46.12
Haris Sohail,26,37,206.0,899,4.68,11.5,8.17,666,1236,53.88
Muhammad Jabir,26,25,78.2,709,9.48,8.96,13.12,164,469,34.97
Shahbaz Ahmed,26,49,126.0,1095,10.18,6.06,8.38,232,756,30.69
N Dutta,26,29,114.2,684,6.57,11.83,12.32,285,685,41.61
K Mirpuri,26,27,90.8,744,8.86,8.98,12.09,224,545,41.1
Khalid Zahid,26,25,85.8,627,7.27,8.44,9.78,228,515,44.27
Mohammad Ghazanfar,26,25,80.0,544,7.12,7.52,8.16,188,480,39.17
V Ganesan,26,29,78.0,457,6.52,6.72,6.06,203,468,43.38
C Overton,26,20,296.6,1080,4.2,45.07,26.19,1244,1780,69.89
Usman Khalid,26,28,85.3,520,6.03,6.25,7.33,246,512,48.05
Basil Thampi,26,25,86.8,862,10.19,9.18,15.47,152,521,29.17
AF Ifill,26,23,74.3,494,7.15,10.63,11.5,217,446,48.65
JD Cook,26,24,79.0,607,8.2,10.46,13.1,162,474,34.18
Raza Iqbal,26,23,75.0,430,6.23,11.26,10.91,192,450,42.67
J Yadav,26,34,216.5,984,5.55,16.74,12.88,792,1299,60.97
B Fernando,26,26,104.4,806,8.0,14.15,17.82,246,627,39.23
Z Burgess,26,27,85.4,515,6.26,8.65,8.63,273,512,53.32
BAD Manenti,25,38,113.5,871,8.06,7.82,9.42,208,681,30.54
GC Smith,25,59,290.4,1417,6.18,12.34,9.34,918,1742,52.7
MW Forde,25,20,114.0,817,8.53,13.98,15.07,352,684,51.46
T Tshose,25,28,78.5,590,7.81,8.96,10.11,198,471,42.04
KS Leverock,25,22,68.7,469,6.93,8.2,9.29,193,412,46.84
Raaz Mohammad,25,21,64.4,459,7.92,8.37,9.95,144,386,37.31
A Nanda,25,25,82.0,656,8.07,11.52,15.3,221,492,44.92
Mehran Khan,25,31,83.2,634,8.64,7.62,8.74,204,499,40.88
PG Dooley,25,20,71.8,548,8.27,9.95,11.11,145,431,33.64
B Arora,25,35,99.5,779,8.66,8.31,10.54,234,597,39.2
Atif Mehmood,25,23,74.9,417,5.97,10.52,10.07,243,449,54.12
Tanwir Afzal,25,28,136.0,769,6.76,13.57,14.53,475,816,58.21
Amar Sharma,25,31,100.5,863,9.22,10.16,13.66,221,603,36.65
Naveed Ahmed,25,26,82.0,608,8.21,8.81,10.1,190,492,38.62
Ahmadullah Shinwari,25,26,79.2,553,7.47,8.7,9.61,233,475,49.05
KIC Asalanka,25,43,130.5,735,6.52,5.39,4.58,377,783,48.15
Utkarsh Jain,25,22,76.2,435,6.36,12.36,10.5,223,457,48.8
VRV Singh,25,30,183.3,1093,7.56,17.09,16.76,660,1100,60.0
K Sinclair,25,20,173.5,834,5.77,25.66,20.95,540,1041,51.87
WK McCallan,24,20,120.3,563,4.81,14.68,10.77,372,722,51.52
TD Astle,24,21,169.2,738,5.73,20.59,14.54,617,1015,60.79
WG Jacks,24,40,143.5,934,8.88,5.26,6.02,434,861,50.41
Fanyan Mughal,24,24,76.7,586,7.69,10.69,14.15,208,460,45.22
H Carlyon,24,29,92.0,505,6.45,6.41,4.77,279,552,50.54
AS Rajpoot,24,29,88.4,844,9.93,8.54,13.43,192,530,36.23
J Nyumbu,24,24,249.1,1156,5.71,20.81,17.04,859,1495,57.46
V Shankar,23,37,99.4,747,8.67,5.69,7.7,233,597,39.03
Akif Raja,23,24,94.0,615,7.91,15.21,15.7,287,564,50.89
C Sakariya,23,22,85.7,718,8.62,12.36,16.92,185,514,35.99
B Masaba,23,23,60.4,338,5.76,7.93,6.33,155,362,42.82
S Dube,23,44,91.0,809,10.03,3.2,3.83,174,546,31.87
NJ Astle,23,38,171.9,667,4.51,12.3,7.57,659,1031,63.92
J Edwards,23,21,67.0,539,8.18,10.95,13.79,152,402,37.81
Najjam Shahzad,23,23,63.3,463,7.2,9.17,11.12,168,380,44.21
K Piet,23,25,77.1,553,7.62,9.99,10.24,210,463,45.36
S Pradhan,23,25,71.8,495,7.77,9.84,9.73,185,431,42.92
K Gore,23,21,95.0,423,5.24,6.62,4.5,342,570,60.0
CT Mumba,23,22,166.1,896,7.31,23.81,20.52,616,997,61.79
DA Blignaut,23,21,45.7,345,9.05,5.19,6.09,108,274,39.42
K Gowtham,23,36,106.0,876,9.24,8.83,10.89,230,636,36.16
L Sipamla,22,21,135.5,800,8.04,19.1,17.86,469,813,57.69
AJ Nair,22,30,77.0,597,8.69,5.07,5.48,129,462,27.92
SC Getkate,22,21,76.0,500,7.71,11.67,12.95,206,456,45.18
NK Aneesh Kumar,22,26,86.3,592,7.45,7.62,7.63,227,518,43.82
AJ Turner,22,49,83.0,580,7.61,4.29,4.53,188,498,37.75
GA Lamb,22,22,151.2,698,5.29,18.05,12.36,504,907,55.57
AW O'Brien,22,22,78.0,571,7.6,9.09,11.39,154,468,32.91
RR Sarwan,22,41,184.1,889,5.24,9.29,7.82,580,1104,52.54
A Kirschbaum,22,21,69.2,452,6.56,8.62,9.02,210,415,50.6
HNA Conway,22,23,80.1,697,8.75,10.74,14.73,145,481,30.15
Bipul Sharma,22,28,71.0,581,8.65,8.46,10.96,131,426,30.75
E Mathew,21,20,56.8,469,9.35,7.55,10.01,130,341,38.12
T Wangchuk,21,25,73.9,587,8.47,7.16,8.87,193,443,43.57
Waji Ul Hassan,21,24,61.0,475,8.3,7.33,8.86,127,366,34.7
Sultan Ahmed,21,23,82.5,461,6.16,8.57,8.07,255,495,51.52
Suhrawadi Shuvo,21,20,177.7,736,5.07,24.46,14.63,619,1066,58.07
Anureet Singh,21,22,68.6,636,9.59,8.62,13.48,139,412,33.74
RK Paudel,21,25,86.6,441,5.5,8.77,8.0,268,520,51.54
HN Ya France,21,36,147.2,748,5.95,15.17,11.93,490,883,55.49
Junaid Siddiqui,21,28,123.9,648,5.58,15.82,12.23,349,743,46.97
KD Shah,21,30,85.3,587,8.1,6.77,7.15,215,512,41.99
TJG Pringle,21,26,103.2,688,7.02,14.23,15.55,242,619,39.1
MO Jones,21,20,88.5,516,6.37,14.08,14.7,276,531,51.98
JT Brassell,21,28,105.2,771,8.53,11.68,12.73,296,631,46.91
NM Odhiambo,21,27,75.0,580,8.27,8.41,10.86,175,450,38.89
JK Kamande,21,21,124.5,681,6.3,17.29,15.28,366,747,49.0
SS Pathirana,21,23,143.3,843,6.12,20.63,19.1,369,860,42.91
CL White,21,38,160.5,849,7.35,10.8,8.31,485,963,50.36
OD Hald,21,21,55.5,399,8.48,8.62,8.62,156,333,46.85
Alok Kapali,21,33,158.4,796,5.5,12.94,10.6,472,950,49.68
M Yunusu Issa,21,22,54.0,393,7.37,6.86,8.38,150,324,46.3
JM Kemp,20,36,116.8,589,6.04,6.4,4.39,369,700,52.71
KM Dabengwa,20,29,184.7,922,6.64,14.45,9.6,590,1108,53.25
A Mithun,20,29,198.0,1160,8.11,14.38,13.01,696,1188,58.59
KS Bagabena,20,33,79.8,561,7.93,5.18,5.0,230,479,48.02
C Connolly,20,26,68.0,466,7.78,7.55,7.98,161,408,39.46
JM Holland,20,23,204.0,958,7.17,27.7,18.38,716,1224,58.5
BJ Hodge,20,27,56.0,414,8.23,6.25,6.87,118,336,35.12
Farhad Reza,20,35,160.1,1055,7.59,13.5,14.43,458,960,47.71
Arshad Khan,20,25,99.4,760,9.94,10.24,14.08,256,596,42.95
Suyash Sharma,20,27,93.0,835,9.29,6.67,9.65,178,558,31.9
NA Greenwood,20,20,58.0,349,6.21,5.18,4.22,139,348,39.94
J Suchith,20,21,70.0,604,9.08,14.0,18.43,140,420,33.33
Nithish Kumar Reddy,19,28,108.2,654,7.49,11.73,12.28,349,649,53.78
Noman Amjad,19,23,71.3,555,7.72,8.39,10.84,189,428,44.16
JP Greaves,19,22,182.0,797,4.62,25.14,17.68,706,1092,64.65
JG Bethell,19,24,82.2,594,7.35,11.15,14.53,201,493,40.77
IC Pandey,19,24,77.0,609,8.19,10.75,13.71,212,462,45.89
TLW Cooper,19,49,110.8,735,6.98,4.55,4.29,279,665,41.95
A Ashish Reddy,19,20,43.7,400,9.76,8.25,11.64,79,262,30.15
DJ Hooda,19,47,103.0,746,8.23,4.69,5.36,217,618,35.11
Delawar Khan,19,21,55.1,418,7.82,9.14,11.77,139,331,41.99
CD Hinchliffe,19,26,60.0,486,9.04,8.04,9.04,96,360,26.67
ROC Dunka,19,21,65.0,544,8.52,10.24,15.0,162,390,41.54
MWR Stokes,19,25,67.8,481,7.3,9.68,12.0,157,407,38.57
Bilawal Bhatti,19,21,164.2,977,7.92,23.44,19.97,550,985,55.84
Sufyan Mehmood,19,21,72.3,462,7.91,10.24,11.63,172,434,39.63
JWM Dalrymple,18,26,145.0,726,5.56,21.23,16.42,420,870,48.28
DR Briggs,18,21,73.9,590,8.85,10.67,13.37,139,443,31.38
Joginder Sharma,18,21,68.2,614,9.67,10.88,14.76,142,409,34.72
PW Borren,18,35,138.7,853,6.92,12.86,12.71,332,832,39.9
JA Prestwidge,18,23,59.3,497,8.29,5.78,7.22,123,356,34.55
V Kohli,18,100,206.7,1344,7.16,2.58,2.7,460,1240,37.1
M Taylor,18,23,77.8,550,7.67,8.3,8.12,226,467,48.39
D Elgar,18,49,188.8,757,4.52,7.86,4.64,689,1132,60.87
DC Smith,18,22,61.5,497,8.49,7.14,7.89,128,369,34.69
Zuhaib Zubair,18,20,64.0,438,7.12,6.55,8.0,151,384,39.32
B Khumalo,18,23,61.6,524,8.78,6.78,7.72,146,370,39.46
Luqman Butt,18,25,68.3,531,8.59,8.32,9.88,187,410,45.61
Mominul Haque,17,59,173.2,756,4.73,2.95,1.99,546,1039,52.55
MJ North,17,26,223.7,712,4.31,19.74,9.49,947,1342,70.57
SL Rainbird,17,24,75.2,688,9.21,7.85,12.08,134,451,29.71
M Dixit,17,20,56.8,436,8.47,6.1,6.54,111,341,32.55
MN Waller,17,37,176.0,762,5.24,11.23,7.59,564,1056,53.41
EC Rainsford,17,24,176.8,872,5.4,17.99,13.97,667,1061,62.87
LR Shukla,17,27,52.3,458,9.44,6.62,9.25,109,314,34.71
R Parag,17,36,70.5,615,10.32,4.22,5.28,116,423,27.42
Abhishek Sharma,17,44,77.0,679,9.09,3.27,4.55,130,462,28.14
Rizwan Cheema,17,21,105.8,631,6.88,16.57,15.26,289,635,45.51
LN O'Connor,16,23,76.0,590,7.79,7.0,8.54,126,456,27.63
A Martel,16,20,56.2,398,7.02,7.0,9.03,120,337,35.61
Kartik Tyagi,16,20,70.3,720,10.66,12.9,20.3,148,422,35.07
U Aryaman Sunil,16,22,67.2,635,9.63,9.55,14.48,146,403,36.23
C Pengkumta,16,21,54.0,395,8.02,7.0,7.67,131,324,40.43
Surya Anand,16,26,74.2,451,6.75,6.83,6.06,213,445,47.87
S Yeshi,16,22,72.0,431,6.29,11.0,10.33,192,432,44.44
RJ Nicol,16,33,79.8,514,6.8,5.4,5.53,211,479,44.05
P Khadka,16,29,93.0,508,6.46,5.1,4.43,290,558,51.97
D Suzuki,16,31,62.0,453,7.09,5.77,6.34,162,372,43.55
F Behardien,15,37,121.7,721,6.37,7.81,7.64,283,730,38.77
Mushfiqur Rahman,15,20,189.7,851,4.92,17.68,11.38,760,1138,66.78
Asif Ali,15,21,44.7,294,7.12,6.73,7.34,116,268,43.28
MD Gunathilaka,15,40,120.5,645,6.32,5.8,5.29,329,723,45.5
C Munro,15,40,131.7,724,7.24,7.2,6.17,375,790,47.47
DE Bernard,15,20,126.0,631,5.42,21.45,17.6,433,756,57.28
S Matsikenyeri,15,29,114.0,582,5.83,8.69,6.74,287,684,41.96
NJ Maddinson,15,23,41.0,292,7.6,3.69,4.72,72,246,29.27
PHKD Mendis,14,36,98.0,683,7.97,6.0,6.01,240,588,40.82
CD McMillan,14,23,92.6,466,5.62,12.09,10.12,291,556,52.34
MR Swart,14,20,66.0,393,6.28,7.5,8.6,179,396,45.2
CG Williams,14,22,72.0,388,5.84,9.14,7.58,199,432,46.06
GA Priandana,14,21,46.0,350,8.63,9.14,9.9,114,276,41.3
JA Fitzgerald,13,21,58.5,608,10.85,7.71,11.5,130,351,37.04
Fawad Alam,13,21,94.3,523,6.83,12.48,9.83,233,566,41.17
S Desungnoen,13,20,46.2,322,7.48,6.42,7.27,87,277,31.41
Aarif Sheikh,13,41,155.8,802,6.19,9.22,7.15,477,935,51.02
Pankaj Singh,13,21,132.0,817,9.01,8.0,7.52,456,792,57.58
AC Voges,13,33,74.9,442,6.37,5.48,5.11,170,449,37.86
TH David,13,41,74.9,672,8.87,4.22,5.93,129,450,28.67
SF Mire,13,23,90.5,570,7.96,7.65,6.66,262,543,48.25
Afif Hossain,13,30,48.5,360,9.16,4.87,4.66,119,291,40.89
Vikramjit Singh,13,22,57.5,430,9.39,6.27,5.72,151,345,43.77
A Limdawala,13,22,50.7,379,7.95,5.76,6.24,137,304,45.07
AJ Finch,13,45,82.3,570,7.5,4.62,4.99,173,493,35.09
DV Varghese,12,22,44.6,456,11.38,6.36,10.18,95,267,35.58
EP Gulbis,12,28,57.4,500,9.99,4.25,5.99,97,344,28.2
Waqas Barkat,12,22,49.3,407,9.05,6.14,7.09,99,296,33.45
JL Denly,12,31,109.0,546,6.2,5.03,4.31,349,654,53.36
Ankit Sharma,12,21,61.2,453,8.16,8.57,9.62,137,367,37.33
MJ Guptill,12,30,90.4,413,5.51,4.14,2.34,318,543,58.56
Rafiullah,12,20,44.0,419,9.99,2.95,4.02,94,264,35.61
Azhar Ali,12,51,187.5,892,5.14,4.41,2.65,559,1125,49.69
CS MacLeod,11,45,144.3,819,6.42,4.93,3.73,424,866,48.96
MEK Hussey,11,46,138.8,567,4.3,4.8,2.82,508,833,60.98
HT Tector,11,25,72.0,477,7.16,5.52,5.36,172,432,39.81
Younis Khan,11,41,137.1,603,4.9,3.47,2.17,498,822,60.58
N Rana,10,27,35.0,281,8.64,2.11,2.54,67,210,31.9
MP Vaughan,10,28,130.0,605,5.26,9.07,6.21,386,780,49.49
MT Renshaw,9,26,47.0,352,7.54,4.38,5.69,84,282,29.79
Sandeep Goud,9,23,48.4,390,8.4,4.3,6.33,103,290,35.52
IJL Trott,9,43,148.5,587,4.51,5.02,2.73,562,891,63.08
AM Nayar,9,20,41.2,340,9.18,5.15,6.42,77,247,31.17
LMP Simmons,9,23,68.2,427,7.61,5.67,6.08,170,409,41.56
Sabbir Rahman,9,34,83.3,514,7.44,2.6,2.81,195,499,39.08
Aaron Jones,8,21,52.1,335,7.47,2.1,1.9,140,313,44.73
R Powell,8,28,64.1,497,9.13,5.36,6.48,115,385,29.87
Aftab Ahmed,8,26,108.6,565,6.75,8.12,6.69,310,652,47.55
Y Venugopal Rao,7,20,36.0,338,10.15,3.75,4.55,59,216,27.31
GSNFG Jayasuriya,6,21,68.8,472,8.02,3.95,4.79,148,413,35.84
MP O'Dowd,5,22,39.2,312,9.42,2.64,2.73,102,235,43.4
BRM Taylor,5,21,51.0,327,7.08,4.57,4.24,117,306,38.24
DA Warner,4,21,58.2,286,5.97,4.29,3.4,196,349,56.16
J Blackwood,4,23,78.7,290,3.97,2.26,1.17,298,472,63.14
M Vijay,2,25,78.0,304,4.61,1.44,1.24,289,468,61.75
Nazmul Hossain Shanto,2,21,39.4,216,6.16,2.0,2.05,108,236,45.76
