batter,total_runs,avg_runs,innings,balls,fours,sixes,avg_sr
V Kohli,35929,41.25,871,41727,3466,591,87.86
RG Sharma,26339,33.38,789,28037,2501,925,91.99
DA Warner,25936,38.2,679,27255,2820,571,95.41
AB de Villiers,24535,38.46,638,29278,2326,576,94.9
KC Sangakkara,23349,41.11,568,33067,2429,166,73.8
MS Dhoni,22018,29.71,741,25541,1799,599,97.68
JE Root,21580,43.86,492,32619,2133,110,65.11
KS Williamson,21069,40.91,515,30577,2119,210,76.04
SPD Smith,20916,38.38,545,29958,2074,257,82.73
HM Amla,18829,42.41,444,28736,2151,110,67.42
LRPL Taylor,18669,34.07,548,25384,1793,305,77.4
DPMD Jayawardene,18116,33.61,539,25984,1859,166,72.36
CH Gayle,17905,33.47,535,18758,1791,870,93.23
S Dhawan,17469,34.39,508,17811,2096,290,93.01
BB McCullum,16895,30.06,562,18882,1768,533,93.04
JC Buttler,16801,31.76,529,16005,1578,594,103.31
TM Dilshan,16558,33.72,491,19654,1911,126,81.27
F du Plessis,16045,35.11,457,20159,1601,314,87.36
Q de Kock,15911,35.12,453,16208,1765,388,95.02
AD Mathews,15786,31.26,505,25439,1406,247,71.45
AN Cook,15737,40.77,386,30911,1818,21,51.6
JH Kallis,15736,38.19,412,24557,1584,187,66.13
MJ Clarke,15431,37.55,411,23751,1499,87,61.94
SR Watson,15400,31.05,496,17643,1600,480,91.62
SR Tendulkar,15192,42.08,361,21563,1865,119,71.4
KP Pietersen,15032,38.74,388,19880,1633,240,77.25
V Sehwag,14775,35.26,419,14750,1981,291,97.46
GC Smith,14487,38.43,377,20557,1746,87,67.66
Mushfiqur Rahim,14447,30.1,480,22617,1383,162,65.3
Babar Azam,14400,40.91,352,18076,1497,162,79.27
Tamim Iqbal,14291,34.35,416,19981,1651,182,69.93
MEK Hussey,14224,36.57,389,20464,1297,203,78.75
KL Rahul,14172,35.97,394,16314,1323,396,93.73
Shakib Al Hasan,14171,28.74,493,17787,1464,151,79.21
RT Ponting,14121,38.16,370,20379,1464,139,63.88
AJ Finch,13988,31.29,447,13330,1358,440,98.27
G Gambhir,13849,33.78,410,17670,1585,96,81.03
MJ Guptill,13684,32.05,427,16976,1407,400,82.8
SK Raina,13438,27.71,485,12981,1219,385,97.38
AM Rahane,13380,30.97,432,18526,1416,197,76.69
IR Bell,13077,36.43,359,22254,1436,77,58.63
JM Bairstow,13054,32.88,397,16352,1459,290,83.63
GJ Maxwell,12695,25.39,500,9435,1111,594,117.33
Younis Khan,12343,36.52,338,20565,1143,101,56.72
Yuvraj Singh,12292,28.19,436,13736,1227,374,87.68
Mohammad Hafeez,12177,29.48,413,16224,1308,208,71.02
BA Stokes,12140,31.45,386,16846,1226,308,76.96
EJG Morgan,11820,27.3,433,12341,997,393,90.83
R Dravid,11780,34.34,343,20828,1338,60,64.71
BKG Mendis,11007,31.45,350,14625,1188,205,74.29
LD Chandimal,10959,30.61,358,18647,998,106,61.74
JP Duminy,10940,27.77,394,13760,855,227,85.16
Misbah-ul-Haq,10742,36.05,298,18726,868,189,64.96
TWM Latham,10630,32.91,323,17921,1071,85,57.96
TM Head,10549,34.47,306,11223,1169,273,99.55
RA Jadeja,10519,21.38,492,13575,870,264,96.84
SE Marsh,10433,34.66,301,12866,1036,216,83.4
DA Miller,10433,25.45,410,8862,738,420,111.24
Mahmudullah,10254,25.7,399,14210,897,194,75.48
S Chanderpaul,10167,38.37,265,19582,938,66,56.89
MR Marsh,10109,28.24,358,10655,937,382,93.81
Shubman Gill,10020,37.67,266,10648,1058,245,97.08
UT Khawaja,9979,36.55,273,16242,1089,80,71.03
Shoaib Malik,9838,26.52,371,12116,841,176,85.85
ML Hayden,9360,42.35,221,12422,1039,157,77.17
AJ Strauss,9126,34.83,262,16013,1057,29,53.72
RR Pant,9006,30.22,298,8937,885,328,103.48
Azhar Ali,8948,38.57,232,19541,861,37,42.66
PD Collingwood,8945,30.32,295,14443,781,123,67.12
MN Samuels,8929,28.26,316,13410,945,203,67.63
SD Hope,8697,32.33,269,12264,763,190,74.18
WU Tharanga,8571,29.76,288,12277,1011,73,65.45
AC Gilchrist,8554,32.77,261,8229,1044,220,94.29
SS Iyer,8470,31.84,266,7927,760,283,104.56
BRM Taylor,8334,31.1,268,11482,817,115,66.47
AK Markram,8298,30.85,269,9656,917,187,92.76
Mohammad Rizwan,8274,34.91,237,10054,737,143,82.04
FDM Karunaratne,8157,35.93,227,15318,851,12,49.05
DJ Bravo,8079,20.0,404,10096,677,230,91.88
KD Karthik,8016,20.45,392,8198,813,208,103.34
KA Pollard,7933,20.99,378,6758,502,471,112.16
MM Ali,7719,21.56,358,10147,753,239,81.32
SA Yadav,7710,28.24,273,5385,774,331,132.36
MP Stoinis,7683,23.28,330,6184,653,324,114.25
HH Gibbs,7643,32.25,237,9657,918,149,72.93
CA Pujara,7601,37.63,202,16730,912,20,45.12
MS Wade,7564,23.13,327,8587,658,187,92.86
SC Williams,7397,30.19,245,8492,734,103,84.42
AD Hales,7326,30.4,241,6952,815,222,102.0
Liton Das,7315,27.09,270,9243,812,129,78.0
Sikandar Raza,7247,27.66,262,8180,608,220,87.07
BJ Haddin,7241,26.52,273,10043,727,160,76.5
JJ Roy,7078,31.18,227,6439,825,187,97.78
DM Bravo,6956,29.23,238,12778,684,126,54.26
M Vijay,6956,29.85,233,11302,743,131,70.83
M Labuschagne,6914,36.78,188,11386,708,31,62.94
HH Pandya,6909,21.66,319,5682,539,330,123.6
H Masakadza,6834,25.79,265,10420,729,118,62.21
PR Stirling,6799,28.1,242,6888,780,198,91.85
IJL Trott,6792,41.16,165,12041,680,6,54.59
RR Sarwan,6646,34.26,194,10271,666,55,65.91
DM de Silva,6586,28.89,228,10019,733,66,66.14
VVS Laxman,6521,37.05,176,12381,786,7,51.19
MDKJ Perera,6516,27.49,237,6766,715,134,86.53
N Pooran,6426,26.44,243,5117,452,396,119.09
AT Carey,6411,27.87,230,7384,646,98,85.51
ST Jayasuriya,6367,29.89,213,6664,749,158,83.1
SC Ganguly,6335,33.7,188,9175,675,102,65.48
A Symonds,6286,33.44,188,7082,559,152,84.21
KC Brathwaite,6209,30.89,201,15041,609,17,37.54
SV Samson,6207,27.46,226,4698,491,297,113.97
JO Holder,6206,19.83,313,8780,578,184,79.53
MV Boucher,6201,23.94,259,9484,585,81,72.3
T Bavuma,6178,32.18,192,10202,667,57,62.31
Asad Shafiq,6164,31.77,194,11777,636,36,47.94
Sarfraz Ahmed,6138,27.4,224,7669,562,37,79.64
RV Uthappa,6137,24.45,251,5212,615,207,106.38
DJ Mitchell,6092,32.23,189,7630,497,163,93.01
DP Conway,6071,36.57,166,7642,696,103,77.61
AT Rayudu,6027,25.22,239,5684,505,199,100.86
Shahid Afridi,6023,19.56,308,4484,515,290,120.83
CR Ervine,6004,27.93,215,8602,618,78,66.51
Fakhar Zaman,5966,32.42,184,5938,629,164,97.08
GJ Bailey,5906,27.34,216,6071,461,149,96.45
CL White,5726,23.56,243,5831,418,182,94.45
Kamran Akmal,5705,23.48,243,7260,691,83,74.34
Umar Akmal,5704,26.17,218,6541,497,118,84.7
CA Lynn,5605,30.3,185,3974,491,301,123.89
HDRL Thirimanne,5537,26.88,206,10005,478,33,55.64
MJ Prior,5487,28.73,191,8468,639,29,61.64
HM Nicholls,5479,30.61,179,9182,555,30,59.01
Mohammad Yousuf,5469,41.12,133,8520,560,31,65.3
D Elgar,5451,34.28,159,11417,692,26,43.66
P Nissanka,5432,34.16,159,6481,622,81,80.28
AD Russell,5257,20.38,258,3452,371,410,131.81
D Ramdin,5237,20.22,259,8444,537,55,65.53
MK Pandey,5218,23.94,218,4562,434,140,102.01
R Ashwin,5209,16.18,322,8121,539,63,76.56
SM Katich,5136,38.04,135,8885,589,27,69.57
BM Duckett,5132,38.01,135,5268,637,54,90.17
YBK Jaiswal,5077,37.89,134,5288,616,167,109.35
Mominul Haque,4991,31.59,158,9030,579,20,51.09
A Balbirnie,4986,26.52,188,5911,504,94,81.03
LMP Simmons,4974,27.63,180,5623,455,171,79.63
Ahmed Shehzad,4973,30.51,163,6839,512,59,74.4
HC Brook,4865,35.25,138,5001,495,124,93.72
HE van der Dussen,4863,31.99,152,6346,391,113,78.02
N Dickwella,4841,27.82,174,6290,552,32,79.08
MC Henriques,4807,20.63,233,4121,357,143,111.38
SO Hetmyer,4796,22.84,210,4354,357,232,109.62
SB Styris,4785,29.72,161,6170,429,77,78.56
Ishan Kishan,4758,27.99,170,3887,465,203,105.59
DL Vettori,4723,20.45,231,6579,497,28,75.11
H Klaasen,4715,29.29,161,3706,380,213,118.98
DJ Malan,4657,33.75,138,5862,511,102,81.24
HG Munsey,4622,34.24,135,4274,480,181,106.58
C Munro,4578,25.43,180,3643,386,214,105.97
RS Bopara,4574,24.2,189,5760,373,70,77.88
RD Berrington,4562,27.99,163,5037,328,140,84.73
TT Samaraweera,4559,38.31,119,8906,533,6,49.56
DJ Hussey,4494,23.41,192,4231,314,137,100.13
Salman Butt,4486,31.37,143,7106,600,16,59.38
E Chigumbura,4463,20.57,217,5559,365,122,79.18
Imam-ul-Haq,4443,38.3,116,6974,410,41,56.24
BJ Watling,4401,30.35,145,9835,490,11,42.2
MA Agarwal,4338,25.98,167,5023,477,129,98.18
WP Saha,4328,21.22,204,5407,430,101,92.3
MP O'Dowd,4322,29.4,147,4777,440,91,92.1
E Lewis,4311,30.36,142,3954,378,234,97.6
SCJ Broad,4303,12.84,335,6449,484,68,65.1
DR Smith,4294,21.8,197,3824,437,197,101.11
Soumya Sarkar,4277,24.87,172,4684,489,112,82.09
YK Pathan,4268,20.04,213,3242,336,221,116.39
Mohammad Ashraful,4208,20.63,204,6889,463,37,57.99
A Flintoff,4184,28.27,148,5778,458,99,72.64
NLTC Perera,4178,16.65,251,3551,310,182,107.71
DJG Sammy,4175,17.11,244,4625,370,173,93.07
Nazmul Hossain Shanto,4157,26.99,154,6375,442,55,65.28
PD Salt,4155,30.11,138,2844,472,171,129.08
SP Fleming,4129,34.12,121,6351,538,44,65.76
ME Trescothick,4127,37.86,109,6098,577,30,59.91
Imrul Kayes,4112,25.86,159,7094,465,50,52.96
DJM Short,4106,29.33,140,3400,403,128,108.84
PA Patel,4082,22.43,182,4255,515,58,90.94
AG Prince,4027,32.74,123,8521,401,17,44.26
AR Patel,3925,16.49,238,4059,288,168,107.85
BC Lara,3914,39.94,98,5604,430,66,66.94
Waseem Muhammad,3912,29.41,133,3403,323,217,100.16
RL Chase,3891,22.75,171,6888,368,49,60.95
Z Crawley,3852,29.86,129,5585,528,21,62.05
JP Inglis,3841,25.78,149,2936,372,132,114.28
MG Erasmus,3812,29.1,131,4162,307,110,88.3
OJ Pope,3798,32.74,116,5766,441,23,61.26
CR Woakes,3781,17.83,212,5774,391,39,69.2
LS Livingstone,3756,23.92,157,2880,228,240,113.8
KJ O'Brien,3751,22.87,164,3766,351,114,98.92
MP Vaughan,3746,31.48,119,6837,463,16,51.08
GD Phillips,3745,26.19,143,3483,286,165,106.5
JM Vince,3741,27.51,136,3826,420,66,93.67
TH David,3722,21.89,170,2379,267,234,141.46
Mehedi Hasan Miraz,3692,19.33,191,5972,388,56,64.56
T Taibu,3690,26.74,138,6089,286,39,57.08
DR Martyn,3681,32.87,112,5672,363,19,62.2
C Green,3678,27.45,134,5057,350,96,86.62
KIC Asalanka,3666,28.2,130,3791,291,124,92.69
BJ Hodge,3647,25.68,142,3333,313,115,101.96
AC Voges,3566,30.22,118,4674,343,30,91.07
KJ Coetzer,3490,30.35,115,3804,418,73,85.57
TD Paine,3446,24.61,140,5520,371,35,65.61
HT Tector,3440,27.74,124,4127,284,80,83.08
WTS Porterfield,3439,25.66,134,4884,356,41,62.23
Harbhajan Singh,3412,12.68,269,4366,330,107,83.17
TG Southee,3383,10.84,312,3825,300,145,88.22
MJ Santner,3357,15.19,221,4669,286,103,90.49
JDS Neesham,3351,19.48,172,3438,304,108,98.8
BR McDermott,3347,26.35,127,2693,230,149,102.4
JD Ryder,3328,29.19,114,4001,376,76,83.39
JDP Oram,3292,22.24,148,4409,289,96,82.26
IK Pathan,3292,17.33,190,3966,303,85,96.07
R Ravindra,3290,31.04,106,3801,340,75,86.1
RR Hendricks,3283,28.3,116,3059,354,76,94.61
MG Johnson,3279,13.61,241,4818,347,63,72.27
RD Gaikwad,3250,34.21,95,2484,312,119,107.5
Abdul Razzaq,3227,21.37,151,4090,251,99,86.57
C de Grandhomme,3214,21.14,152,3288,263,128,97.22
BA King,3211,25.9,124,3221,372,104,90.23
Inzamam-ul-Haq,3186,32.18,99,4851,322,29,62.53
R Powell,3177,20.76,153,2726,199,191,105.25
V Sibanda,3168,21.7,146,5066,363,42,57.61
RK Paudel,3168,24.0,132,3654,246,78,81.62
SW Billings,3167,22.62,140,2715,290,92,106.72
JA Burns,3145,26.65,118,4047,317,71,79.45
WA Young,3142,30.5,103,4795,369,39,62.87
CJ Anderson,3130,22.85,137,3384,267,139,91.51
MA Starc,3117,12.13,257,4932,291,65,66.29
MH Cross,3077,21.22,145,3756,268,45,78.15
SA Edwards,3066,23.58,130,3092,228,47,96.78
KOA Powell,3059,24.47,125,5365,390,29,54.73
PSP Handscomb,3009,23.33,129,4019,273,36,83.97
PJ Cummins,3001,12.45,241,4612,255,103,79.34
Jatinder Singh,2990,25.56,117,3411,322,55,83.98
A Vala,2968,27.74,107,3627,254,62,78.97
MD Patel,2956,30.16,98,3249,264,58,81.31
J Charles,2947,24.56,120,2976,321,112,85.94
CS MacLeod,2945,27.02,109,3431,290,41,78.38
Shan Masood,2938,27.72,106,5129,281,28,56.18
JW Wells,2935,23.86,123,2470,237,51,110.2
J Blackwood,2921,27.82,105,5441,352,36,49.89
DT Christian,2916,15.03,194,2404,191,128,110.25
MD Shanaka,2914,17.14,170,2973,214,126,84.59
OA Shah,2904,25.7,113,3302,229,73,86.55
Aasif Sheikh,2903,25.24,115,3264,308,68,85.9
MW Short,2894,25.17,115,2176,251,126,117.57
K Bhurtel,2879,23.79,121,2908,294,95,87.94
Imran Farhat,2876,28.2,102,5330,372,13,51.29
N Rana,2875,25.0,115,2200,261,141,117.05
LJ Wright,2865,20.32,141,2514,291,87,96.49
Agha Salman,2838,28.96,98,3662,285,43,81.34
SM Curran,2792,18.37,152,2983,239,103,102.08
DS Airee,2782,22.26,125,2674,214,88,100.7
Haris Sohail,2766,33.73,82,4161,226,44,69.04
KR Mayers,2761,25.1,110,3222,299,110,88.7
JR Philippe,2746,23.27,118,2146,265,78,108.15
Nizakat Khan,2727,22.72,120,2503,236,88,100.46
RR Rossouw,2711,27.66,98,2351,267,93,99.05
V Aravind,2686,27.69,97,3521,260,37,74.06
Virandeep Singh,2686,30.18,89,2223,233,104,108.86
Sabbir Rahman,2679,22.32,120,3087,292,56,81.06
CJ Chibhabha,2674,21.74,123,4039,289,25,63.31
Abhishek Sharma,2665,27.47,97,1617,252,161,138.58
CJ Ferguson,2663,22.57,118,2512,231,41,93.75
SM Pollock,2663,20.8,128,3431,252,49,80.84
RW Chakabva,2653,19.8,134,4656,230,38,60.66
KM Jadhav,2648,19.47,136,2421,250,66,105.14
TP Ura,2641,26.15,101,2493,240,111,94.1
CK Kapugedera,2614,20.11,130,3558,204,59,74.61
AN Petersen,2605,31.01,84,4681,310,15,56.93
Nasir Hossain,2592,25.17,103,3789,254,29,69.49
Babar Hayat,2585,25.34,102,2380,172,138,101.01
MD Gunathilaka,2582,24.83,104,3104,276,42,81.45
AJ Turner,2568,19.02,135,1919,167,107,104.87
TLW Cooper,2560,20.65,124,2392,238,67,103.58
L Tucker,2543,22.5,113,2755,260,41,84.37
JEC Franklin,2543,17.91,142,3885,206,52,76.24
PJ Hughes,2534,31.68,80,4145,310,18,53.59
Tilak Varma,2503,29.8,84,1870,191,127,123.4
TA Blundell,2497,27.74,90,4431,299,18,55.77
Asif Khan,2467,28.36,87,2507,179,118,101.4
MS Chapman,2464,24.89,99,2033,219,92,100.02
MT Renshaw,2445,23.74,103,2923,218,58,92.42
PP Shaw,2420,25.47,95,1891,318,65,115.56
Shahriar Nafees,2404,24.53,98,3907,343,3,53.27
SP Narine,2401,12.25,196,1890,247,138,104.73
JC Silk,2394,22.17,108,1953,177,44,106.31
RA Tripathi,2388,23.18,103,1775,240,90,121.56
Zeeshan Maqsood,2388,23.64,101,2877,220,57,79.71
Aaron Jones,2387,25.13,95,2984,154,71,76.46
T Stubbs,2381,25.06,95,2496,178,85,106.71
CT Bancroft,2375,25.82,92,2658,205,49,87.69
Aqib Ilyas,2372,30.81,77,2646,221,53,98.75
S Dube,2349,22.59,104,1768,140,148,118.12
JA Rudolph,2343,28.57,82,4645,295,4,48.92
NJ Astle,2338,32.47,72,3520,265,21,55.23
DP Hughes,2333,23.81,98,1953,212,54,101.27
MA Leask,2333,19.28,121,1999,171,108,107.2
MS Atapattu,2319,30.12,77,3842,233,1,57.16
KK Nair,2319,24.94,93,2300,261,53,98.69
JP Faulkner,2315,14.29,162,2129,154,74,104.74
PHKD Mendis,2310,28.88,80,3120,214,55,77.98
RP Burl,2310,19.25,120,2220,177,82,105.56
Syed Aziz,2296,24.17,95,1750,204,120,120.31
DS Smith,2288,23.59,97,4012,270,15,56.47
JA Morkel,2287,15.88,144,1905,162,116,123.77
EC Joyce,2245,29.93,75,3148,214,21,63.07
PG Fulton,2235,24.03,93,4173,218,39,54.98
Abdullah Shafique,2224,31.32,71,4351,211,38,41.93
JL Langer,2209,48.02,46,3748,285,10,53.81
Anshuman Rath,2182,27.97,78,2066,223,33,102.58
AI Ross,2176,22.2,98,1720,159,77,113.17
J Weatherald,2176,23.65,92,1710,216,85,109.08
CO Obuya,2176,25.3,86,2283,165,86,90.96
L Ronchi,2174,19.24,113,2031,231,66,93.88
GD Elliott,2170,24.11,90,2876,165,29,76.04
GH Dockrell,2166,14.44,150,2282,170,62,101.68
Fawad Alam,2166,26.74,81,3661,178,16,63.95
Junaid Siddique,2162,14.51,149,3931,228,26,60.82
W Madhevere,2159,19.45,111,2501,223,23,78.82
GS Ballance,2137,32.88,65,4158,248,12,48.41
C Campher,2133,23.7,90,2574,210,43,91.87
Taufeeq Umar,2129,35.48,60,4693,281,3,41.76
NJ Maddinson,2125,18.16,117,1825,195,86,97.33
MN Waller,2123,20.81,102,2892,210,35,75.82
GC Wilson,2117,19.25,110,2615,185,26,74.61
Mashrafe Mortaza,2110,10.88,194,2573,191,74,79.72
HAPW Jayawardene,2110,26.38,80,4319,224,15,45.29
JJ Smit,2107,21.07,100,2106,119,118,100.61
JK Silva,2099,28.36,74,5225,238,2,34.97
TL Seifert,2087,23.99,87,1552,187,95,111.81
BJ Bennett,2083,30.63,68,1839,260,53,101.71
CJL Rogers,2078,39.21,53,4060,275,2,50.71
B Sai Sudharsan,2067,41.34,50,1788,218,54,116.0
JR Hopes,2055,18.68,110,2048,203,18,105.91
FH Allen,2048,24.98,82,1558,211,113,119.81
CA Ingram,2044,23.49,87,1952,187,61,94.25
Rohan Mustafa,2042,18.56,110,2870,178,40,66.41
BCJ Cutting,2040,16.86,121,1493,147,117,128.21
Saud Shakeel,2032,40.64,50,3804,207,3,57.04
LPC Silva,2031,24.18,84,2873,207,15,65.56
NJ O'Brien,2026,23.84,85,2780,167,31,73.53
DJ Hooda,2018,16.02,126,1669,137,81,110.01
KH Pandya,2010,15.7,128,1605,172,73,115.37
HWR Cartwright,2001,20.21,99,1751,158,74,110.39
MK Tiwary,1997,20.8,96,1918,180,43,105.63
M Kaif,1994,20.35,98,3250,186,8,62.91
S Sesazi,1970,26.27,75,1676,204,71,99.5
HH Dippenaar,1968,30.28,65,3502,201,10,48.42
BJ Webster,1958,23.88,82,1982,153,49,96.73
M Klinger,1953,26.39,74,1708,189,35,93.38
GP Swann,1949,14.12,138,2414,237,24,79.08
VD Philander,1944,16.76,116,4256,218,17,46.07
Yousuf Youhana,1941,31.31,62,2472,157,22,66.37
D Padikkal,1934,24.48,79,1732,206,58,98.11
MJ Lumb,1930,23.25,83,1608,209,63,109.05
SR Taylor,1927,25.69,75,2085,215,61,82.99
KMDN Kulasekara,1915,11.01,174,2775,157,52,71.18
Towhid Hridoy,1911,27.3,70,1985,117,59,95.57
JL Denly,1904,24.73,77,3326,213,25,65.9
Yasir Hameed,1885,30.9,61,2990,229,5,56.13
Anamul Haque,1880,24.42,77,2537,194,39,69.0
BFW de Leede,1878,22.9,82,2350,140,41,69.35
JN Frylinck,1871,20.12,93,2016,152,42,87.42
B Lee,1867,11.05,169,2765,164,47,72.08
RR Patel,1861,23.86,78,1513,149,94,111.45
L Vincent,1853,28.95,64,2835,205,28,58.17
Mandeep Singh,1852,17.81,104,1547,190,40,100.55
S Bau,1849,19.88,93,2372,155,39,68.69
J Botha,1849,12.75,145,1947,159,30,104.82
Muhammad Usman,1847,22.8,81,2019,152,61,87.24
Habibul Bashar,1840,21.15,87,3140,195,5,50.42
Nasir Jamshed,1832,26.17,70,2367,192,31,68.75
BR Dunk,1831,21.54,85,1467,156,60,103.99
BJ McMullen,1831,33.29,55,1836,173,60,89.28
K Rabada,1831,8.89,206,2962,199,43,66.2
Asif Ali,1826,17.73,103,1488,121,106,106.48
PWH de Silva,1825,12.94,141,1738,172,47,97.04
KH Prajapati,1812,23.23,78,2136,180,39,75.72
M van Lingen,1807,28.68,63,1892,211,42,85.88
W Jaffer,1802,34.0,53,3537,242,6,45.05
KU Carty,1800,32.14,56,2465,161,31,62.33
ND McKenzie,1799,33.94,53,4116,222,7,42.3
Washington Sundar,1794,17.42,103,2620,150,52,88.89
JJ Peirson,1794,17.42,103,1523,154,42,103.31
NT Paranavitana,1792,29.87,60,4285,206,5,36.96
RJ Burns,1789,30.32,59,4089,220,2,38.83
CJA Amini,1788,20.32,88,2277,147,26,71.7
WIA Fernando,1782,20.96,85,2078,175,31,71.94
Shadab Khan,1779,16.47,108,1922,134,54,101.77
DW Steyn,1778,8.55,208,3566,172,47,56.25
NM Lyon,1759,8.71,202,3361,216,16,57.08
RD Rickelton,1758,27.05,65,2157,193,46,94.28
Aarif Sheikh,1754,21.65,81,2380,139,21,76.8
Basil Hameed,1752,19.91,88,2019,109,67,88.68
TT Bresnan,1747,15.06,116,2686,179,17,83.07
HMRKB Herath,1737,10.66,163,3321,198,8,48.7
Vikramjit Singh,1704,23.67,72,2234,176,33,73.59
C Kieswetter,1703,24.33,70,1778,163,61,90.48
R Parag,1691,21.14,80,1241,117,96,124.21
KA Maharaj,1690,12.43,136,2608,190,38,55.14
Aftab Ahmed,1689,19.41,87,2521,191,28,70.96
Kushal Malla,1688,21.1,80,1577,118,108,97.3
AU Rashid,1687,11.03,153,2498,173,20,81.33
K Verreynne,1686,30.11,56,2596,162,25,57.36
SE Rutherford,1678,23.63,71,1407,129,94,111.23
Shaiman Anwar,1670,29.82,56,1737,153,49,90.74
Chirag Suri,1664,26.0,64,2126,172,30,67.23
Saim Ayub,1663,25.2,66,1779,180,55,87.21
WG Jacks,1653,21.75,76,1383,143,74,111.9
RS Morton,1644,24.91,66,2706,148,19,50.06
Ahmed Faiz,1639,22.45,73,1366,133,60,102.62
MJ North,1636,29.21,56,2877,180,15,57.85
W Barresi,1632,22.05,74,1845,162,33,83.62
S Samarawickrama,1631,23.64,69,1857,180,8,72.94
RK Singh,1629,20.62,79,1177,135,84,131.47
S Badrinath,1626,21.68,75,1634,171,28,100.93
JN Loftie-Eaton,1626,20.07,81,1806,142,48,91.01
VR Iyer,1625,25.0,65,1236,151,71,121.55
NV Ojha,1623,16.39,99,1514,130,79,101.17
SB Harper,1623,18.66,87,1278,141,54,102.07
SR Mukkamalla,1621,33.08,49,1654,152,37,89.29
JM How,1620,24.92,65,2774,194,9,51.73
MS Harris,1619,20.49,79,2197,180,28,79.76
A Sharafu,1619,23.13,70,1517,163,55,96.24
NS Dhaliwal,1613,27.81,58,1698,134,62,93.71
F Behardien,1606,19.59,82,1543,118,41,109.11
KAJ Roach,1604,8.44,190,4036,175,22,38.62
WPUJC Vaas,1601,13.23,121,2889,153,9,63.9
Z Khan,1591,9.14,174,2726,167,41,59.62
Afif Hossain,1579,19.26,82,1519,131,45,93.67
JL Smith,1570,35.68,44,1824,168,45,86.69
CD McMillan,1568,26.13,60,1976,128,50,75.94
Riazat Ali Shah,1568,25.29,62,1277,116,69,116.15
AC Agar,1560,13.33,117,1703,112,48,89.2
PJ Moor,1555,20.73,75,2563,129,48,71.5
JM Anderson,1545,4.87,317,3822,200,3,36.79
Faheem Ashraf,1543,14.56,106,2073,158,45,89.21
SS Tiwary,1543,20.57,75,1348,116,51,107.9
PWA Mulder,1539,24.05,64,2368,174,23,59.28
SO Dowrich,1534,25.15,61,3261,174,11,39.73
G Malla,1533,22.88,67,1804,141,49,86.22
Iftikhar Ahmed,1529,19.11,80,1386,118,58,104.62
Raqibul Hasan,1529,22.16,69,2712,125,10,48.33
V Shankar,1528,20.65,74,1272,117,57,116.62
AM Hardie,1520,20.54,74,1295,117,53,113.39
M Bryant,1517,21.37,71,1120,158,59,123.81
Meet Bhavsar,1513,25.64,59,1197,129,52,115.64
CH Morris,1503,13.92,108,1437,123,59,104.42
SSJ Brooks,1502,23.47,64,2411,142,30,55.01
MG Bracewell,1498,20.52,73,1528,134,58,90.44
B Kumar,1491,8.67,172,2455,156,12,69.11
Ayan Khan,1488,21.57,69,1825,120,31,77.45
ADS Fletcher,1484,16.31,91,1576,123,68,80.65
R Sandaruwan,1484,23.94,62,1097,130,83,111.32
Imad Wasim,1480,15.58,95,1278,144,29,113.54
MR Adair,1471,14.28,103,1426,123,62,106.13
Sohail Ahmed,1470,25.34,58,1234,98,61,96.82
MDK Perera,1456,16.0,91,2997,171,26,47.67
JM Kemp,1455,22.73,64,1661,95,64,80.99
MF Maharoof,1447,13.78,105,2320,127,29,75.01
K Kadowaki-Fleming,1440,41.14,35,1024,107,75,131.54
Mohammad Nadeem,1439,19.99,72,1899,100,26,78.43
ZE Green,1439,16.73,86,1727,141,21,83.98
Karanbir Singh,1420,48.97,29,934,121,111,136.78
NL McCullum,1418,13.5,105,1606,89,43,88.77
Abid Ali,1414,44.19,32,2707,177,5,47.57
Faisal Khan,1413,29.44,48,855,144,86,135.83
S Matsikenyeri,1412,15.87,89,2191,141,13,57.76
RN ten Doeschate,1408,24.28,58,1296,114,41,103.75
KR Patterson,1408,22.35,63,1354,127,32,104.8
H Thaker,1406,23.05,61,1700,81,41,92.74
AR McBrine,1404,18.72,75,2028,147,21,82.09
L Siaka,1401,16.29,86,1596,125,31,85.07
AS Joseph,1387,10.43,133,2144,130,54,68.66
Pargat Singh,1386,28.88,48,1650,146,30,75.61
BOP Fernando,1380,26.04,53,2584,153,19,55.36
T Marumani,1372,19.32,71,1286,141,44,98.31
JG Bethell,1372,29.19,47,1316,132,56,103.53
M Morkel,1364,7.79,175,2348,181,18,60.8
N Vanua,1357,15.78,86,1451,67,81,82.45
Naeem Islam,1355,19.93,68,2359,129,23,77.34
P Simran Singh,1355,26.06,52,904,141,71,130.13
JW Jenner,1352,28.17,48,1070,106,52,111.84
A Johnson,1348,26.96,50,1105,138,83,89.7
NR Kirton,1340,23.51,57,1438,89,43,99.43
STR Binny,1339,15.04,89,1316,114,42,102.19
Haider Butt,1324,24.52,54,1092,89,60,106.7
J Fraser-McGurk,1322,18.36,72,951,117,75,109.95
M Levitt,1321,30.02,44,1161,128,62,107.68
KA Edwards,1317,27.44,48,2566,134,19,41.63
Jaker Ali,1315,24.35,54,1558,92,55,93.62
JP Kotze,1303,18.61,70,1422,128,47,77.47
GO Jones,1303,20.68,63,2071,141,16,65.16
Zeeshan Ali,1293,22.29,58,983,127,50,126.41
M Jansen,1278,15.04,85,1713,126,44,79.0
BN Cooper,1275,21.61,59,1109,124,36,89.76
Manpreet Singh,1275,19.92,64,1083,68,49,103.59
PM Siddle,1264,10.11,125,2586,133,6,50.11
Muhammad Tanveer,1263,30.8,41,969,87,77,127.72
DAS Gunaratne,1255,26.7,47,1789,119,13,72.68
P Utseya,1253,10.44,120,2208,88,12,57.94
J Da Silva,1252,20.52,61,3056,128,7,42.15
Tanzid Hasan,1252,22.76,55,1120,135,49,89.7
R Shepherd,1252,15.27,82,1001,87,78,108.59
IA Karim,1251,29.09,43,1264,118,14,91.8
CR Brathwaite,1249,13.58,92,1351,76,66,99.0
WW Hinds,1227,25.04,49,1942,109,23,47.07
II Selemani,1224,21.86,56,888,130,69,112.07
N Deonarine,1223,21.46,57,2399,119,12,52.94
G Singh,1220,25.96,47,1411,107,28,83.7
Sharjeel Khan,1219,28.35,43,1036,160,42,107.33
KD Mills,1218,11.07,110,1643,103,43,76.79
Sulaimon Runsewe,1212,18.65,65,1167,131,13,92.91
Shoaib Khan,1211,20.18,60,1393,113,26,75.0
JD Campbell,1201,22.66,53,2070,139,16,57.86
BT Foakes,1200,25.53,47,2494,111,8,44.91
JN Malan,1199,36.33,33,1365,122,27,81.86
RM Patidar,1196,26.58,45,941,88,69,116.58
DS Lehmann,1195,35.15,34,1789,113,9,70.0
JWA Taylor,1191,31.34,38,1860,101,14,55.51
R Satheesan,1190,32.16,37,864,125,59,120.0
Gulsan Jha,1188,18.86,63,1260,77,67,104.09
Wahab Riaz,1185,9.88,120,1716,96,41,70.15
Taranjeet Singh,1184,32.89,36,782,144,56,137.9
Abdul Waheed,1180,26.22,45,945,118,37,105.83
VP Thamotharam,1179,22.67,52,860,77,75,118.44
Mohammad Amir,1179,10.62,111,2516,126,14,50.91
Umar Gul,1178,7.75,152,1920,102,48,60.26
CG Williams,1173,24.96,47,1248,100,29,81.53
N Davin,1172,22.98,51,963,127,38,112.71
Mohammad Mithun,1171,19.85,59,1839,103,23,59.68
RAS Lakmal,1170,7.36,159,2359,131,15,43.44
GJ Delany,1167,15.77,74,938,94,49,112.89
PA Jaques,1166,38.87,30,1915,125,5,58.35
Shadman Islam,1166,26.5,44,2445,135,2,39.85
AA Obanda,1165,22.84,51,1294,139,31,87.82
CP Jewell,1160,20.71,56,943,125,27,104.76
CJ Jordan,1155,9.02,128,1191,86,45,107.19
AGS Gous,1155,31.22,37,988,106,53,113.5
CP Rizwan,1153,23.06,50,1803,85,6,61.9
AR Patwa,1151,23.49,49,1000,144,32,111.97
TA Boult,1150,6.39,180,1729,110,46,68.98
Rameez Shahzad,1150,28.75,40,1430,99,23,68.5
Javed Omar,1146,21.22,54,2377,155,3,47.04
Y Venugopal Rao,1146,19.1,60,1122,89,39,98.52
JA Raval,1143,29.31,39,2675,143,1,34.64
DJ Willey,1142,12.55,91,1141,92,44,101.51
AT Nidamanuru,1137,20.3,56,1235,70,44,81.7
GH Vihari,1123,22.02,51,2322,130,3,57.35
BJ Rohrer,1121,18.38,61,863,89,34,118.82
Aizaz Khan,1120,13.33,84,1136,79,32,87.37
A Athanaze,1120,24.35,46,1755,125,15,57.24
AB Barath,1116,23.74,47,2103,145,9,47.58
T de Zorzi,1115,31.86,35,1674,119,21,58.75
R Tewatia,1112,14.63,76,851,90,54,129.32
Fiaz Ahmed,1112,27.8,40,893,72,61,99.94
Sami Sohail,1111,30.86,36,930,90,39,104.32
AG Cremer,1106,11.4,97,2611,82,3,43.54
SN Thakur,1100,12.09,91,1236,112,35,93.78
S Chandramohan,1090,23.7,46,956,98,48,92.55
Usman Patel,1090,20.57,53,842,108,39,102.61
TAM Siriwardana,1089,20.94,52,1211,87,36,88.37
DM Nakrani,1088,17.0,64,883,66,67,122.41
SJ Myburgh,1088,21.33,51,1115,127,30,83.84
Nurul Hasan,1088,15.77,69,1295,99,27,85.89
M Vohra,1083,21.24,51,863,104,43,106.3
RJ Peterson,1082,15.46,70,1323,119,10,79.77
JE Taylor,1080,9.15,118,1528,131,27,70.93
DG Brownlie,1078,23.96,45,2106,143,4,47.22
D Wiese,1077,17.1,63,948,66,48,118.54
D Ganga,1074,25.57,42,2597,138,1,40.17
Dhruv Jurel,1072,22.81,47,1156,87,48,107.73
Khawar Ali,1072,19.49,55,1536,102,20,67.45
A Mishra,1072,11.17,96,1635,114,8,71.21
NCR Larkin,1069,21.38,50,913,107,17,99.99
EJM Cowan,1068,28.11,38,2497,132,3,42.21
Mohammed Shami,1065,6.49,164,1394,107,37,73.68
Yasir Shah,1062,12.07,88,2122,115,11,51.21
CL Cairns,1061,30.31,35,1229,91,38,78.83
JM Sharma,1060,20.38,52,705,83,66,138.31
Bilal Zalmai,1048,29.94,35,704,110,57,126.93
SA Abbott,1046,10.06,104,1007,73,39,102.4
Khaled Mashud,1046,16.09,65,2397,81,1,41.8
RP Arnold,1046,19.02,55,1499,69,5,66.88
DMW Rawlins,1045,30.74,34,733,72,68,126.46
HH Streak,1045,24.3,43,1977,96,10,54.74
DP Sibley,1042,26.72,39,3052,114,1,30.54
A Kumble,1036,12.05,86,2540,127,4,45.37
Sohaib Maqsood,1036,22.04,47,1173,79,30,91.87
Ahmer Bin Nisar,1034,18.8,55,841,84,32,111.41
Khurram Manzoor,1034,26.51,39,2180,122,1,36.93
DR Sams,1033,11.23,92,759,64,62,104.97
Imran Nazir,1026,23.32,44,981,128,34,99.96
SF Mire,1026,21.83,47,1256,98,28,70.06
NT Broom,1024,21.79,47,1308,91,11,62.7
Sompal Kami,1021,12.01,85,1237,74,30,85.42
L Bruce,1015,24.76,41,985,106,16,81.37
PBB Rajapaksa,1012,18.74,54,794,87,46,103.24
AL Phehlukwayo,1012,12.49,81,1194,93,37,81.22
HJH Marshall,1010,19.8,51,1689,85,2,61.51
MRJ Watt,1009,11.73,86,1164,82,22,86.23
Karan KC,1008,11.86,85,928,61,67,112.73
DR Flynn,1007,18.65,54,2306,124,6,43.76
SJ Baard,1001,22.75,44,1174,88,21,82.3
TK Curran,1001,13.71,73,942,100,23,104.0
Rashid Khan,1000,8.77,114,680,73,65,116.46
V Saini,1000,23.26,43,819,89,23,108.99
Milind Kumar,999,30.27,33,1001,80,28,85.23
IS Sodhi,998,10.4,96,1735,88,28,68.05
Rajin Saleh,997,19.55,51,2432,99,3,36.83
Shayan Jahangir,996,23.71,42,974,98,22,96.33
D Brevis,994,26.86,37,652,62,77,134.6
MA Wood,993,10.56,94,1329,125,26,74.16
RG Mukasa,993,21.59,46,827,112,31,96.61
SJ Modani,991,26.78,37,1531,83,8,62.25
SL Malinga,989,5.35,185,1507,90,35,66.5
JM Clarke,987,26.68,37,761,82,41,104.94
P Kurup,986,22.93,43,932,105,21,90.99
RE van der Merwe,986,11.74,84,882,71,32,85.87
HAM Shah,982,32.73,30,845,92,27,94.31
Naseem Khushi,972,16.2,60,719,63,66,108.64
Zubaidi Zulkifle,965,17.55,55,706,93,49,103.39
G Kirsten,965,43.86,22,1906,129,4,50.76
A Badoni,963,20.93,46,740,73,38,115.82
Mohammad Rafique,962,11.88,81,1506,91,28,55.7
BP Nash,962,30.06,32,2178,108,2,42.11
O Tuyisenge,957,15.19,63,982,90,27,87.61
SN Khan,956,20.34,47,951,107,22,100.16
D Ndikubwimana,955,15.16,63,1216,80,17,68.21
S Muniandy,946,13.14,72,840,66,35,110.5
P Khadka,942,26.17,36,877,107,28,94.23
MJ Henry,942,10.95,86,1166,112,31,74.05
RJ Nicol,941,21.39,44,1225,88,24,66.63
AP Yadav,941,25.43,37,927,97,18,87.11
J Mubarak,938,17.37,54,1421,84,14,63.44
R Chopra,937,22.85,41,1015,77,27,74.27
Mosaddek Hossain,933,14.81,63,1210,77,23,84.31
NA Greenwood,931,25.86,36,726,97,24,106.23
AJ Hall,931,19.0,49,1666,98,10,64.59
DAJ Bracewell,927,13.06,71,1611,91,24,61.64
Imran Anwar,924,17.11,54,763,53,65,101.79
TP Ludeman,924,22.54,41,776,87,29,116.75
Mohammad Naim,921,22.46,41,1029,83,18,76.82
HD Rutherford,921,23.02,40,1503,112,18,59.8
Nithish Kumar Reddy,918,24.16,38,1051,70,41,93.73
Taijul Islam,916,9.07,101,2311,100,3,39.58
NE Bonner,915,27.73,33,2525,95,3,33.24
I Sharma,915,4.82,190,2849,98,3,39.99
GB Hogg,915,12.71,72,1201,57,11,76.09
I Danladi,915,19.89,46,816,81,29,111.94
AP Rajeevan,913,20.75,44,843,83,17,94.3
BA Pai,911,26.79,34,890,81,15,93.95
S Davizi,910,31.38,29,680,106,31,108.05
Mohammad Nawaz,909,14.43,63,918,72,41,98.3
DW Lawrence,908,23.28,39,1399,96,16,63.27
O Manishimwe,907,16.49,55,1027,89,21,68.32
Hasan Ali,906,9.44,96,958,69,55,95.32
VS Solanki,905,25.14,36,1255,115,5,66.24
B Sharki,901,29.06,31,1313,86,7,64.91
M Gilkes,899,18.35,49,792,92,22,87.01
E Dusingizimana,898,17.27,52,845,89,32,91.09
PW Borren,898,19.96,45,844,93,21,99.34
CN Ackermann,895,22.38,40,981,76,13,84.74
DT Tiripano,894,14.19,63,2010,87,14,49.38
TM Odoyo,888,21.66,41,1277,77,19,58.28
D Bishoo,888,9.98,89,2199,89,5,38.29
Abdur Razzak,885,7.9,112,1239,73,23,59.83
Mohammad Nabi,882,15.75,56,703,63,38,126.37
WD Parnell,880,11.0,80,1200,71,14,81.53
Razmal Shigiwal,875,27.34,32,650,74,36,120.41
N Wagner,875,10.8,81,1693,96,36,48.41
C Madande,870,17.4,50,920,75,19,91.87
T Banton,865,23.38,37,651,83,43,125.16
Saeed Ajmal,865,6.27,138,1715,76,6,55.54
MA Vermeulen,860,23.24,37,1545,106,3,56.94
RJ Quiney,860,20.48,42,706,81,34,99.26
Luqman Butt,858,33.0,26,609,80,46,143.16
MG Vandort,857,30.61,28,1915,98,4,44.52
SO Tikolo,856,18.61,46,1226,93,9,59.23
SR Patel,856,17.47,49,1076,72,20,75.61
K Nassoro,855,15.27,56,884,80,15,84.66
LM Jongwe,854,11.7,73,897,83,19,93.15
K Motlanka,854,23.08,37,860,87,17,93.08
Zeeshan Khan,852,23.67,36,726,98,22,95.28
NR Kumar,850,20.24,42,849,63,25,93.6
N Hussain,848,30.29,28,1891,101,2,42.67
PJ Forrest,846,22.26,38,1047,70,14,72.19
CS Baugh,846,14.59,58,1505,83,7,56.93
MB Kruger,845,19.2,44,998,80,19,84.25
SD Heazlett,844,16.55,51,703,68,33,100.27
PL Mommsen,843,30.11,28,978,70,10,76.19
Faisal Iqbal,841,24.74,34,1754,94,4,43.23
SHT Kandamby,839,24.68,34,1216,68,0,66.97
Sami Aslam,836,28.83,29,2064,87,4,37.2
JJS Sangha,836,26.12,32,709,65,21,95.75
O Davies,834,19.4,43,665,53,38,101.38
LE Plunkett,831,10.26,81,1023,81,16,85.02
KD Kesuma,831,18.07,46,766,92,33,91.93
BMAJ Mendis,830,13.39,62,965,64,18,83.06
SM Warnapura,829,34.54,24,1428,100,2,45.25
NM Coulter-Nile,829,8.55,97,740,58,43,95.9
KK Jennings,829,23.69,35,1887,93,1,39.83
DG Bedingham,828,31.85,26,1234,91,17,68.57
MS Sinclair,826,21.74,38,1702,93,4,39.7
PR Surve,826,25.03,33,754,65,22,102.42
XM Marshall,822,16.78,49,1256,90,13,66.32
S Ravichandran,818,22.72,36,685,77,17,107.95
PM Nevill,818,13.86,59,1486,81,5,91.6
K Doriga,818,13.41,61,1224,64,21,62.93
MN van Wyk,817,29.18,28,929,86,19,80.78
S Movva,814,19.38,42,1081,55,12,76.9
Abdul Samad,814,14.03,58,575,49,53,128.42
Alok Kapali,813,14.52,56,1259,73,10,51.57
MA Carberry,812,26.19,31,1300,106,11,69.69
Saad Bin Zafar,811,14.48,56,854,68,20,103.84
Shaheen Shah Afridi,806,7.68,105,1099,70,39,69.75
J Liyanage,804,30.92,26,975,60,20,80.77
R Mutumbami,800,15.09,53,1136,82,20,74.33
RJ Harris,799,11.1,72,1150,77,13,80.12
CK Coventry,798,21.0,38,865,66,32,84.28
MS Bisla,798,20.46,39,737,93,23,83.2
RN Patel,797,17.71,45,710,83,17,101.2
I Liyanage,797,27.48,29,676,88,21,93.88
H Carlyon,796,19.9,40,720,80,30,98.78
N Boje,791,22.6,35,1194,115,5,83.79
CV Anto,790,21.35,37,530,50,60,140.11
GA Priandana,788,17.91,44,777,80,28,79.17
Shahadat Hossain,788,8.21,96,1714,99,8,44.8
P Kumar,788,7.65,103,838,68,29,80.15
JF Mooney,786,16.38,48,909,80,8,87.59
MA Butcher,785,37.38,21,1629,112,0,47.96
RB Patel,781,21.69,36,786,92,8,77.64
Yasim Murtaza,779,14.43,54,685,58,32,117.24
A Bagai,779,27.82,28,1152,77,1,61.85
Faheem Nazir,775,35.23,22,557,91,23,131.51
NRD Compton,775,25.83,30,2156,84,3,33.77
J Brown,775,25.0,31,547,68,52,124.78
PM Seelaar,775,12.92,60,882,60,14,78.95
Sandeep Goud,775,12.3,63,1075,42,33,70.27
KD Shah,775,16.15,48,840,58,18,78.26
Shashank Singh,773,23.42,33,510,56,43,132.83
D Myers,772,20.86,37,939,72,18,109.42
CA Soper,772,12.45,62,1326,36,9,58.47
Sarfaraz Ali,771,18.36,42,567,66,57,125.83
Ahmad Ramdoni,771,15.12,51,861,56,29,93.1
LA Pomersbach,770,23.33,33,627,78,27,108.63
Aqib Iqbal,768,18.73,41,673,57,25,97.53
Ahmed Hassan,764,22.47,34,707,53,40,93.43
T Manders,763,30.52,25,605,73,33,104.53
G Motie,760,13.82,55,871,79,27,82.37
JR Hazlewood,760,5.31,143,1521,101,6,58.21
NM Hauritz,758,13.54,56,1203,74,9,73.64
MG Bevan,755,30.2,25,1177,49,6,63.44
SKS Gill,755,24.35,31,772,67,12,82.67
LJ Evans,755,29.04,26,498,57,37,129.12
Khushdil Shah,754,17.53,43,761,51,30,95.39
N Nipiko,754,25.13,30,710,49,28,96.11
J Baker,753,35.86,21,611,67,41,119.68
G Mckeon,750,32.61,23,560,63,37,107.25
CJ Green,749,10.26,73,588,52,19,114.76
JO Adedeji,748,17.4,43,896,60,16,72.65
Aamir Kaleem,746,15.54,48,793,79,19,82.16
JC Archer,746,8.2,91,807,64,32,91.94
DD Ebrahim,745,17.74,42,1545,63,0,38.1
AR Ramjani,745,18.62,40,583,61,26,112.72
C Karunaratne,745,12.63,59,898,49,19,78.9
TC Barker,743,21.85,34,632,80,18,94.44
Walid Ghauri,743,29.72,25,637,71,23,105.25
UT Yadav,743,5.46,136,1238,66,32,61.64
R Rampaul,739,9.47,78,1161,74,25,55.4
AF Giles,738,18.45,40,1394,82,4,60.14
M Shahrukh Khan,732,15.25,48,517,46,50,151.49
MG Neser,732,9.89,74,633,60,23,95.08
H Lakov,731,28.12,26,665,61,15,94.71
R Trumpelmann,731,12.18,60,807,50,35,90.7
Aayan Afzal Khan,730,15.53,47,989,64,14,61.82
V Vijh,727,19.13,38,691,50,25,94.15
Azyan Farhath,726,22.69,32,908,53,11,70.82
I Kaia,722,20.06,36,1006,75,9,76.17
NJ Reardon,721,20.03,36,596,45,32,102.35
N Wadhera,719,23.19,31,522,60,39,127.36
SM Sharif,718,9.45,76,915,47,12,82.48
Shaheryar Butt,717,21.09,34,578,60,37,110.28
MWR Stokes,715,23.83,30,599,66,10,104.16
AV Lazarus,715,22.34,32,637,55,27,112.17
Usman Khan,715,17.44,41,619,71,17,97.44
NK Patel,713,14.55,49,935,57,11,73.53
Aritra Dutta,712,19.24,37,586,71,35,92.16
NA McSweeney,709,22.16,32,771,65,14,86.66
Ravinderpal Singh,708,18.63,38,567,48,39,99.22
BJ Dwarshuis,708,10.41,68,584,45,33,113.36
KD Petersen,704,28.16,25,1478,86,0,52.12
Manan Ali,704,19.56,36,499,33,52,126.44
MW Harvey,704,17.17,41,611,62,18,100.27
ARS Silva,702,30.52,23,1713,59,3,33.97
KS Leverock,701,28.04,25,479,61,41,113.26
J Butler,701,23.37,30,632,65,19,101.2
SJ Benn,701,9.6,73,1083,82,17,63.13
LA Dunbar,700,26.92,26,598,58,42,91.5
R McLaren,700,11.48,61,995,62,7,66.03
H Hiri,696,14.5,48,1050,52,12,75.97
KNM Fernando,694,30.17,23,1182,80,6,49.76
AC Blizzard,692,21.62,32,549,72,17,113.99
MNM Aslam,691,16.45,42,627,61,15,103.06
Mahmudul Hasan Joy,687,20.82,33,1751,80,3,36.01
Saber Zakhil,687,21.47,32,446,38,59,136.97
IK Gamantika,686,14.6,47,753,52,18,78.63
JP Greaves,683,19.51,35,1004,68,7,69.63
Taskin Ahmed,682,6.96,98,1163,61,17,62.37
T Bharaj,681,22.7,30,588,59,17,99.14
MJ Owen,680,24.29,28,400,49,50,145.16
TR Birt,678,21.87,31,501,58,32,128.9
B Arora,676,17.33,39,794,63,17,74.27
TL Suman,676,17.33,39,587,55,26,99.78
TMK Mawoyo,673,23.21,29,1831,81,0,32.78
Ali Naseer,673,16.41,41,624,52,29,100.28
AJ Hosein,672,9.33,72,735,37,31,85.5
IDM Latin,672,22.4,30,536,58,29,105.68
AM Nayar,672,13.18,51,595,55,20,93.11
R Nehonde,670,18.11,37,715,54,12,80.41
JN Mohammed,670,19.14,35,992,57,10,57.02
PP Chawla,668,6.55,102,664,60,20,95.55
AM Tribe,666,28.96,23,676,52,21,93.21
IO Okpe,665,11.08,60,673,25,24,91.21
SK Warne,663,12.51,53,933,68,13,64.91
Abishek Porel,661,22.79,29,454,65,27,131.22
L Yamamoto-Lake,659,18.31,36,546,67,24,83.25
TG McIntosh,657,22.66,29,1870,69,7,31.33
Shamsur Rahman,657,22.66,29,1084,75,13,57.17
KJ Stagno,656,27.33,24,389,41,56,131.35
Adnan Akmal,653,19.79,33,1435,76,0,41.7
W Sutherland,648,12.46,52,519,33,29,125.33
Sohail Tanvir,648,9.53,68,715,67,16,92.01
SJ Harmison,646,9.1,71,1092,79,8,54.65
MP Breetzke,646,32.3,20,658,59,19,97.85
SM Whiteman,644,14.98,43,571,59,17,99.03
Kuldeep Yadav,644,6.64,97,1419,52,4,62.45
S Prasanna,640,11.43,56,648,42,39,86.14
TM Dowlin,639,27.78,23,1174,69,2,47.17
SW Ambris,639,23.67,27,861,71,4,66.72
KA Jamieson,638,13.87,46,980,57,16,76.74
AB Agarkar,634,10.39,61,867,50,12,76.9
CN Greaves,633,13.47,47,684,53,15,86.69
Umar Adam,632,18.06,35,480,51,37,107.4
Muhammad Muneeb,632,23.41,27,572,77,18,81.21
B Ward,630,18.53,34,554,39,32,110.81
B Bhandari,628,16.1,39,757,53,19,85.79
Bilal Tahir,628,14.27,44,478,38,43,116.34
GW Flower,627,29.86,21,963,54,2,55.22
R Obuya,624,18.35,34,533,54,27,92.79
Simi Singh,624,13.0,48,732,50,10,69.99
A Sharma,623,20.77,30,749,80,10,74.72
V Balakrishnan,622,17.77,35,583,63,19,96.24
B George,620,22.96,27,519,41,34,94.77
CD Wallace,619,17.19,36,706,49,12,86.85
Selim Salau,619,25.79,24,589,62,11,95.65
CB Wishart,618,25.75,24,995,75,7,50.89
A Zampa,617,5.1,121,872,52,5,71.81
Khizer Ahmed,617,19.9,31,560,60,17,91.31
M Muralitharan,614,5.12,120,781,60,17,72.01
C Rububagumya,614,10.77,57,779,36,9,62.95
WP Masakadza,612,8.62,71,1152,50,10,62.47
Zeeshan Kukikhel,611,26.57,23,441,69,26,122.4
MA Jones,609,24.36,25,751,56,14,78.87
Mohammad Saifuddin,609,15.62,39,670,48,15,119.05
SA Engelbrecht,607,28.9,21,736,49,15,84.59
S Singh,607,14.8,41,641,70,2,83.97
LV van Beek,607,11.67,52,739,37,16,87.98
JS Malhotra,606,20.9,29,601,41,29,81.17
J Mees,606,20.2,30,529,53,22,95.15
C Connolly,604,21.57,28,498,38,29,109.72
Jahurul Islam,604,21.57,28,1254,62,7,52.88
T Mishra,601,22.26,27,803,48,8,64.18
SA Ahmad,601,20.03,30,586,55,13,91.72
Junaid Aziz,600,15.79,38,572,36,30,106.17
KMA Paul,598,13.29,45,625,53,26,85.65
MR Swart,598,23.92,25,550,51,15,90.17
Lakshit Gupta,597,21.32,28,594,48,25,86.47
Ghulam Shabber,594,19.8,30,852,60,6,75.31
NRJ Croes,593,17.97,33,665,55,3,98.16
KAR Hodge,593,23.72,25,1160,77,2,50.87
KTGD Prasad,593,12.35,48,987,63,11,56.91
RL Powell,593,19.13,31,665,63,14,83.96
SA Okpe,593,11.4,52,619,37,21,83.91
Yasir Ali,591,18.47,32,627,48,15,73.08
TF Rogers,589,17.32,34,502,66,12,100.87
MD Craig,589,23.56,25,1085,66,10,64.19
Haider Ali,586,14.29,41,479,49,25,108.94
AM Blignaut,581,17.61,33,713,70,13,64.86
H Singh,581,17.61,33,469,56,15,108.21
D Pretorius,580,14.15,41,589,52,24,101.28
AJ Doolan,579,19.3,30,823,67,5,79.05
K Waiswa,579,12.32,47,589,55,14,89.19
C Tear,576,22.15,26,740,60,8,73.09
OH Agbomadzie,576,19.2,30,648,43,14,76.84
D Heyliger,574,11.25,51,450,42,32,137.59
A Ashokan,572,26.0,22,525,28,22,107.24
A Mansale,572,22.0,26,500,37,20,91.93
Waji Ul Hassan,571,20.39,28,482,40,22,93.22
LE Bosman,571,23.79,24,510,59,27,90.53
D Doyle-Calle,570,21.92,26,461,44,26,126.23
YS Samra,569,28.45,20,529,53,29,124.85
T Chanderpaul,568,27.05,21,1468,53,5,30.78
JL Pattinson,565,10.87,52,1151,52,12,60.1
Mohammad Sami,564,9.56,59,1262,46,12,57.2
AS Samra,564,24.52,23,420,44,28,111.69
Sohag Gazi,564,15.24,37,796,53,16,80.09
TP Visee,563,17.06,33,417,79,19,100.15
J Edwards,563,14.44,39,509,59,7,97.95
JL Carter,560,21.54,26,778,48,10,69.76
SO Ngoche,560,10.18,55,515,44,19,94.19
C Chatphaisan,560,14.0,40,566,54,15,72.03
TS Fray,559,15.97,35,632,45,8,78.91
Parvez Hossain Emon,559,21.5,26,483,52,32,84.81
Sahibzada Farhan,556,23.17,24,469,40,32,98.94
T Perera,555,17.9,31,543,54,16,100.21
SR Bhudia,554,15.83,35,467,49,17,95.82
A Dizija,552,24.0,23,498,54,22,78.19
L Louwrens,552,22.08,25,934,63,2,56.9
YSD Seneveratne,551,23.96,23,495,43,28,81.6
Shamim Hossain,549,15.69,35,483,46,20,107.44
Saqlain Arshad,547,18.23,30,438,68,17,98.83
JWM Dalrymple,547,18.86,29,737,38,3,63.25
S Lamichhane,546,8.81,62,611,41,12,80.24
Abdur Rehman,545,9.56,57,1191,57,10,49.43
Mohammad Haris,545,16.52,33,410,47,27,112.31
Shahbaz Ahmed,545,13.97,39,479,29,25,104.05
Hammad Mirza,544,20.92,26,625,46,13,85.42
PVD Chameera,544,5.79,94,987,47,7,64.9
AK Sah,540,20.0,27,570,53,24,88.86
AR Nurse,539,12.53,43,542,47,15,94.24
Raghav Dhawan,539,26.95,20,512,41,15,105.56
IA De Silva,539,22.46,24,553,52,22,82.51
JW Hastings,537,12.2,44,529,46,22,118.85
KC D'Souza,535,22.29,24,359,32,37,112.9
Hamza Dar,534,22.25,24,421,38,25,108.64
Zakir Hasan,533,18.38,29,1138,63,5,42.35
M Coetzee,528,18.21,29,412,71,12,92.71
Hassan Nawaz,528,24.0,22,394,26,39,99.72
BW Hilfenhaus,528,7.65,69,868,59,11,56.34
MA Ouma,527,14.24,37,934,58,2,52.18
MK Lomror,527,15.06,35,389,33,30,115.42
M Shumba,527,13.51,39,716,44,13,74.13
BA Carse,526,13.84,38,673,40,20,71.09
MD Stoneman,526,26.3,20,1190,66,1,47.53
S Jora,525,16.41,32,459,31,24,99.13
Gurkeerat Singh,524,15.41,34,449,57,11,103.45
Mahedi Hasan,524,10.08,52,610,38,16,79.62
T Nightingale,523,18.68,28,419,47,19,105.08
Abbas Ghani,522,24.86,21,356,51,26,130.54
SSM Stanislaus,521,17.97,29,525,37,20,89.83
A Dananjaya,521,9.65,54,781,49,3,72.57
Hussain Talat,516,19.85,26,495,49,6,86.03
Azhar Mahmood,516,16.12,32,485,48,17,92.17
FA Allen,514,11.17,46,455,39,29,99.81
M Manhas,514,13.53,38,486,43,10,93.59
Ahmed Aqeel,513,19.73,26,436,27,19,107.67
MJ Richardson,513,21.38,24,510,47,5,91.55
Arjun Vinod,513,20.52,25,496,45,13,91.74
M Podosky,512,18.29,28,443,41,27,91.43
Umar Amin,512,15.52,33,734,56,6,65.57
Naved-ul-Hasan,511,10.65,48,576,37,17,91.56
D Abeyrathna,510,18.21,28,568,47,9,86.81
Jaspal Singh,509,14.97,34,488,40,23,89.27
M Taylor,508,18.14,28,582,47,23,70.73
JJ Bumrah,507,4.09,124,1080,53,13,46.31
Janak Prakash,506,14.06,36,417,31,20,111.74
Suraj Kumar,506,18.07,28,628,35,15,77.18
AJ Redmond,505,19.42,26,882,72,4,59.58
PC Valthaty,505,21.96,23,432,61,20,90.54
OJ Hairs,504,18.0,28,321,47,33,129.92
D Kansonkho,504,16.26,31,591,42,11,85.84
AJ Tye,501,7.16,70,447,39,22,104.46
J Overton,501,15.18,33,460,41,19,101.95
CJ Simmons,501,25.05,20,363,43,30,107.45
W Niyitanga,501,12.22,41,630,28,19,69.41
J Rasu,500,17.24,29,468,36,16,91.18
Ahmed Raza,499,9.6,52,781,31,13,61.77
MJ Leach,498,8.59,58,1335,64,2,36.37
I Udana,498,11.07,45,438,35,24,99.86
Anjar Tadarus,497,11.3,44,602,53,11,70.03
J Gumbie,495,24.75,20,779,58,1,61.04
TB de Bruyn,494,18.3,27,1029,72,3,49.65
AAP Atkinson,494,17.64,28,596,57,12,76.68
DS Bajwa,493,20.54,24,480,48,14,95.09
V Ganesan,492,15.38,32,491,51,1,88.77
M Ntini,492,4.92,100,1032,59,8,42.29
B Niaz,490,20.42,24,427,41,26,108.48
T Munyonga,488,13.56,36,538,36,9,94.89
NT Ellis,487,7.73,63,453,36,20,96.28
Talha Khan,486,18.69,26,485,39,11,82.72
R Bakum,486,15.19,32,469,36,20,86.97
P Baron,485,23.1,21,440,53,12,101.82
OGL Bascome,485,17.32,28,370,35,33,116.52
MO Kitunda,485,12.44,39,527,40,15,76.18
KDK Vithanage,485,19.4,25,612,62,9,76.52
ND Laegsgaard,484,19.36,25,343,41,29,107.06
NR Hobson,481,16.59,29,373,36,21,117.54
Harmeet Singh,480,13.33,36,405,30,26,106.39
JS Patel,479,9.39,51,858,50,5,47.36
Amjad Javed,478,18.38,26,493,39,24,102.88
Aman Desai,478,15.93,30,419,44,15,108.62
DT Johnston,477,11.92,40,571,32,13,86.5
RTM Mendis,475,15.32,31,1005,44,4,49.75
SMA Priyanjan,474,20.61,23,596,48,5,79.98
US Hathinjar,472,16.86,28,440,41,24,93.45
AD Mascarenhas,472,12.1,39,477,25,20,91.19
Sahil Chauhan,471,23.55,20,271,25,43,118.28
Ashfaq Ahmed,471,18.84,25,507,54,13,74.47
SA Jumbe,470,10.22,46,469,34,23,92.49
PS Athavale,467,19.46,24,475,53,10,90.14
RW Price,463,7.35,63,938,48,5,51.71
Umer Imtiaz,462,14.9,31,427,37,25,86.23
BB Chari,461,14.87,31,1087,42,8,45.72
A Limdawala,460,17.04,27,513,40,13,78.78
HJ Nielsen,459,15.3,30,396,40,7,109.32
BJ McCarthy,459,8.35,55,562,33,17,79.49
R Ngarava,458,6.64,69,628,49,13,80.01
TR Ambrose,457,21.76,21,998,55,4,38.2
UDU Chandana,455,18.96,24,706,43,4,68.36
JA Richardson,455,8.12,56,438,31,15,107.36
KW Richardson,454,6.49,70,420,32,16,98.3
SA Wijeratne,452,20.55,22,499,54,3,76.51
M Akayezu,451,7.27,62,406,28,25,88.76
Nazimuddin,450,18.75,24,730,48,14,51.14
JN Gillespie,450,12.86,35,1153,50,5,57.32
PL Harris,450,9.78,46,1330,47,3,29.89
CD Cumming,450,21.43,21,1217,59,2,32.38
AB McDonald,449,17.27,26,518,30,14,83.99
KM Dabengwa,449,15.48,29,757,32,9,62.73
Ehsan Khan,447,7.58,59,552,28,14,80.69
R Gunasekera,446,22.3,20,652,41,7,59.26
AR Cusack,444,11.38,39,558,39,7,75.66
Shoaib Akhtar,443,7.26,61,733,40,20,64.43
OF Smith,443,13.03,34,326,28,32,122.46
P Mishra,443,13.03,34,418,26,35,92.95
T Thushara,443,10.8,41,567,41,7,70.96
AR Naidoo,442,20.09,22,463,39,11,77.11
Hannan Sarkar,442,21.05,21,990,42,2,37.57
JJ Bazley,442,10.78,41,357,30,21,108.3
Mohammad Naveed,440,9.57,46,406,39,23,106.7
JJ Atkinson,438,15.64,28,464,43,13,84.21
Shahid Wasif,438,14.13,31,505,34,12,80.71
RJ Sidebottom,438,9.32,47,1074,49,0,51.29
Aryan Lakra,437,18.21,24,739,38,6,58.98
S Randiv,437,11.81,37,880,45,1,51.61
Ali Masood,436,18.17,24,451,42,9,81.53
Muhammad Amir,435,12.08,36,462,43,8,78.31
SNJ O'Keefe,435,8.06,54,763,44,6,83.75
WAE Burton,431,18.74,23,309,47,26,98.34
Aamer Jamal,431,20.52,21,664,45,12,73.27
S Wickramasekara,431,19.59,22,340,32,22,108.87
Imal Zuwak,430,21.5,20,404,42,12,83.49
ST Finn,429,5.8,74,1149,48,3,35.68
Faisal Mubashir,428,21.4,20,435,33,6,81.35
M Syahadat Ramli,427,15.25,28,383,31,17,111.07
I Takahashi,427,12.94,33,352,36,18,110.6
Yasir Ali Chowdhury,426,16.38,26,638,45,9,74.36
RA Sealy,425,16.35,26,364,32,20,97.42
KC Ramamoorthy,424,16.31,26,409,37,17,91.78
A Nel,423,7.98,53,761,51,8,59.87
S Thakor,423,10.32,41,316,41,21,114.01
CMW Read,423,15.67,27,784,40,4,47.52
IDA Damarell,423,17.62,24,394,45,8,102.25
DJ Hawoe,423,8.46,50,351,27,21,97.37
MH Yardy,422,13.61,31,562,30,2,73.49
GSNFG Jayasuriya,422,16.88,25,474,33,10,80.0
BAW Mendis,422,6.21,68,759,45,3,63.24
S Nadigotla,421,15.59,27,390,36,13,99.71
NP Kenjige,420,8.75,48,611,26,5,62.9
KS Bharat,420,21.0,20,586,31,14,73.71
T Jamtsho,419,16.12,26,384,35,21,80.93
VB Chikkannaiah,416,20.8,20,442,30,12,82.92
NR Welch,416,19.81,21,816,44,6,57.34
JJ Huo,415,18.86,22,364,40,14,104.62
M Theekshana,414,6.47,64,862,27,5,56.57
R Rohan,414,15.33,27,432,43,12,75.2
S Periyalwar,414,14.79,28,428,44,3,88.3
S Thanikaithasan,413,16.52,25,353,29,15,102.19
L Canessane,413,13.77,30,363,37,12,101.76
Khalid Kail,411,17.87,23,427,36,12,88.82
D la Cock,411,20.55,20,562,46,11,67.41
OE Robinson,410,12.81,32,737,50,2,50.78
J Barker,409,15.73,26,461,29,2,90.55
T Kelly,409,15.15,27,352,26,11,102.42
SR Thompson,409,11.36,36,498,34,9,92.42
Anwar Ali,409,16.36,25,416,33,13,99.1
R Vinay Kumar,409,7.18,57,468,28,11,100.91
CM McBride,408,20.4,20,577,52,2,57.96
TK Musakanda,408,17.0,24,515,41,6,79.41
Saif Hassan,407,19.38,21,519,37,19,64.01
LR Shukla,405,12.27,33,358,33,16,107.14
R Hekure,405,10.95,37,539,34,6,56.06
DC Smith,404,15.54,26,400,36,8,85.0
AJ Hose,402,19.14,21,322,31,14,119.99
VS Padhaal,401,16.04,25,414,36,8,82.19
AL Menaria,401,17.43,23,367,24,18,94.1
Khaled Mahmud,400,11.76,34,685,34,3,56.06
D Gumyusenge,398,18.95,21,402,31,18,75.32
Rubel Hossain,397,4.18,95,865,46,6,44.63
AP Devcich,397,18.05,22,432,52,3,76.99
JK Vifah,396,14.14,28,382,39,9,100.66
AR White,396,13.2,30,590,30,2,65.23
Sher Sahak,396,15.84,25,295,24,24,110.16
RA Reifer,395,18.81,21,885,40,4,42.86
B Muzarabani,394,5.05,78,705,44,10,48.94
GJ Hopkins,393,12.68,31,667,32,7,64.68
S Sohal,391,17.77,22,341,35,19,90.9
ZM Tribe,390,15.6,25,383,34,7,94.19
TS Kamunhukamwe,390,16.25,24,425,40,15,72.9
Usman Khalid,389,14.96,26,354,30,15,115.51
GF Linde,387,15.48,25,452,34,15,96.42
EP Gulbis,386,13.79,28,308,35,11,112.54
DO Obuya,386,12.87,30,711,33,3,47.1
H Kerr,385,13.28,29,311,22,13,105.67
Jasdeep Singh,384,9.85,39,530,21,14,72.03
J Sumerauer,383,13.21,29,297,28,14,104.58
Farhad Reza,381,11.55,33,611,37,8,58.03
SE Gotch,377,12.57,30,383,24,9,91.74
AK Mohan,377,17.14,22,450,24,15,76.87
Hisham Sheikh,375,16.3,23,421,20,3,93.07
DB Ravi Teja,375,15.0,25,325,35,9,115.56
Adnan Idrees,374,12.9,29,298,48,15,99.09
P Useni,373,9.32,40,282,21,23,131.5
Kashif Daud,372,14.31,26,386,23,19,81.61
AA Onikoyi,372,14.31,26,435,26,12,75.72
AS Hansra,371,17.67,21,612,24,9,58.78
R Lutaaya,371,15.46,24,298,42,9,114.7
DR Tuffey,370,12.33,30,518,34,9,77.28
M Louis,369,18.45,20,897,40,4,35.93
P Sharma,369,14.76,25,376,41,7,88.27
Naseem Shah,369,7.38,50,724,28,20,56.27
BM Scholtz,368,6.57,56,543,30,4,76.27
Nauman Ali,368,14.15,26,775,42,9,32.67
S Pradhan,367,14.12,26,429,41,4,73.74
B Masaba,366,10.76,34,385,37,6,96.54
Raza Iqbal,366,14.08,26,348,42,8,84.68
Shafiul Islam,366,6.1,60,714,45,6,46.75
P Negi,365,10.43,35,301,27,16,114.54
Zahir Mohammed,365,13.04,28,279,29,22,105.6
R Mazumder,365,18.25,20,356,39,7,85.59
DN Wellalage,363,13.96,26,494,27,9,66.38
RM Dorji,363,15.12,24,397,20,16,72.1
Mushfiqur Rahman,363,16.5,22,892,37,0,53.09
DA Blignaut,362,14.48,25,406,18,15,73.64
DBL Powell,362,7.1,51,816,39,5,42.2
KM Jarvis,362,6.14,59,754,32,6,41.94
DM Gondaria,362,18.1,20,331,37,5,99.95
DL Chahar,361,12.89,28,318,25,20,96.62
SMSM Senanayake,361,7.37,49,422,35,7,86.29
Tenjin Rabgey,361,13.88,26,491,30,7,59.04
A Shreshta,361,18.05,20,376,34,5,84.01
AJ Bichel,361,18.05,20,428,35,8,74.08
KV Sharma,360,8.57,42,335,20,17,109.21
L Lamin,359,13.81,26,408,23,13,86.79
S Hook,359,15.61,23,372,28,15,76.4
NM Odhiambo,359,11.58,31,351,25,12,91.35
D Suzuki,358,11.19,32,354,36,5,99.66
H Patel,358,17.9,20,401,36,7,64.82
J Coetzee,356,17.8,20,337,23,13,91.79
E Sebareme,356,8.9,40,368,22,11,89.85
FH Edwards,356,4.09,87,1092,38,1,34.18
Surya Anand,355,16.9,21,340,12,13,96.51
E Beukes,351,15.26,23,287,23,22,118.67
W Miyauchi,350,17.5,20,366,32,1,91.16
S Sreesanth,350,4.93,71,681,46,4,40.96
Shuvagata Hom,349,15.86,22,561,41,1,55.74
Sazib Bhuiyan,349,15.17,23,273,40,13,106.54
Nafees Iqbal,349,16.62,21,796,43,0,43.35
D Ajekun,348,12.43,28,485,30,2,71.68
Fayyaz Butt,348,9.16,38,433,28,7,89.89
O Olaleye,347,15.09,23,364,29,8,83.3
HV Patel,347,6.8,51,302,25,18,98.78
K Hinds,346,13.31,26,346,24,20,70.49
SS McKechnie,346,11.93,29,429,24,3,80.56
SK Awiah,343,13.72,25,459,28,5,65.25
Najjam Shahzad,342,15.55,22,279,27,19,93.6
R Bhatia,342,7.28,47,290,24,13,124.56
Mohammad Rizlan,341,14.83,23,299,21,21,84.18
JS Lehmann,341,12.18,28,326,34,3,103.37
JA Warrican,341,8.97,38,607,31,8,51.74
CRD Fernando,341,5.68,60,569,40,2,54.74
AC Botha,340,14.78,23,501,38,2,63.12
NN Odhiambo,339,9.42,36,446,38,3,70.71
Imran Tahir,339,5.22,65,524,45,3,60.39
AP Tare,339,12.56,27,285,40,11,115.53
A Lyth,338,16.9,20,612,48,1,63.44
S Joseph,338,12.07,28,372,35,16,83.69
Arslan Amjad,337,14.65,23,327,25,16,76.46
Rizwan Cheema,337,11.62,29,298,34,18,77.7
Haroon Arshad,336,14.0,24,262,26,9,108.59
K Irakoze,335,8.17,41,324,20,17,76.53
UBT Chand,335,15.23,22,346,33,11,77.06
L Gregory,335,16.75,20,293,25,13,107.67
Zain Ul Abidin,335,10.81,31,305,18,17,104.45
S Milenko,333,10.41,32,283,24,13,110.93
IDR Bradshaw,333,10.74,31,705,26,4,49.47
Mohammed Siraj,332,3.46,96,712,30,6,48.19
SP Patil,332,16.6,20,507,29,4,54.45
CJ Boyce,331,6.9,48,295,22,17,93.4
Mehran Khan,328,9.11,36,327,17,18,91.99
NO Miller,327,9.91,33,469,25,4,72.24
G Kansonkho,324,12.96,25,372,34,3,79.72
Shakeel Ahmed,323,10.42,31,417,19,13,70.55
G Ngegba,322,16.1,20,329,32,3,78.4
A Dutt,321,6.42,50,476,16,11,63.45
Tanzim Hasan Sakib,321,11.46,28,381,20,14,87.9
TL Best,321,9.44,34,482,40,6,51.48
DC Thomas,320,11.43,28,526,26,4,55.27
HR Walsh,319,11.39,28,415,27,6,77.13
Anuj Rawat,318,15.14,21,276,26,14,97.63
Tanwir Afzal,317,12.68,25,316,19,19,83.56
E Niyomugabo,317,9.06,35,331,18,11,91.36
SR Clark,317,8.81,36,445,28,7,59.63
VD Adewoye,316,9.58,33,272,28,14,87.78
D Parashar,316,12.15,26,410,18,9,105.45
JA Fitzgerald,315,10.5,30,237,14,20,115.12
RD Jacobs,315,14.32,22,607,26,4,42.94
Mohammad Nawaz (3),313,12.52,25,454,23,5,68.06
CJ McKay,312,6.64,47,467,22,6,76.06
LN Oluoch,311,8.89,35,298,23,10,104.15
SE Bond,310,6.46,48,583,24,7,62.62
Mustafizur Rahman,309,2.92,106,633,23,11,42.12
T Tshose,309,9.97,31,295,18,15,83.73
N McAndrew,308,7.7,40,211,29,11,124.84
Mohamed Rishwan,308,12.83,24,377,25,12,72.41
Hamza Tariq,306,13.3,23,295,27,12,85.7
Lalit Yadav,305,14.52,21,301,27,7,90.75
DB Das,304,13.82,22,267,23,16,120.92
Shiraz Khan,304,11.69,26,326,13,14,85.18
GP Meade,302,12.58,24,309,20,8,94.33
Amjad Sher,301,10.38,29,267,19,13,106.73
Mehrab Hossain jnr,301,14.33,21,667,33,0,41.92
AF Milne,299,5.64,53,346,12,11,77.23
HA Jackson,298,12.96,23,378,22,4,72.26
JH Davey,298,9.93,30,393,25,5,86.39
DE Budge,297,14.85,20,377,19,4,62.38
AM Kimote,295,7.56,39,317,24,6,83.26
TL Chatara,293,4.01,73,620,31,3,45.87
Mohammad Boota,293,14.65,20,349,21,10,111.1
SP Goswami,293,13.95,21,307,32,3,78.16
A Nortje,293,4.65,63,766,37,0,55.31
A Manohar,292,14.6,20,243,23,14,95.83
IKEG Artawan,292,6.95,42,330,24,11,74.22
Omar Rassol,291,14.55,20,270,23,18,74.63
DR Patankar,291,13.23,22,309,30,6,81.24
JD Wildermuth,291,9.39,31,251,10,17,91.77
T van der Gugten,291,13.23,22,301,13,13,109.15
C Brennan,289,13.14,22,257,18,13,95.85
Zawar Farid,289,13.76,21,268,26,12,107.69
S Veerapathiran,289,9.63,30,246,19,16,111.3
V Mbazo,288,9.93,29,332,21,5,76.59
Ikramullah Khan,288,13.71,21,256,25,11,104.74
Sahir Naqash,288,13.09,22,219,18,11,112.14
Tushar Imran,287,11.48,25,584,32,1,38.51
Shoriful Islam,287,5.63,51,349,27,11,82.51
Rishad Hossain,286,9.23,31,223,19,23,101.47
P Silas,286,11.92,24,279,22,4,85.8
RJ Gibson,285,11.4,25,281,23,5,83.85
Y Nagar,285,14.25,20,271,20,9,97.41
Yasir Arafat,285,11.4,25,410,28,5,96.75
Waqas Barkat,284,9.79,29,340,22,0,77.95
J Bangura,284,11.36,25,408,22,1,60.22
A Ashish Reddy,280,12.17,23,196,16,15,135.39
B Chipli,280,13.33,21,256,28,7,97.49
Fanyan Mughal,279,12.13,23,276,23,14,78.42
CT Mutombodzi,276,12.0,23,394,24,4,71.96
T Musekiwa,276,11.5,24,198,24,10,142.07
T Maruma,276,8.9,31,502,21,8,57.07
S Vijay Unni,276,8.9,31,312,20,5,106.57
Ali Nayyer,275,13.75,20,223,15,13,108.75
GA Lamb,275,13.75,20,564,11,1,59.87
RP Singh,274,4.03,68,600,23,3,50.14
RGL Carters,274,10.96,25,278,14,6,82.37
A Patmore,273,13.65,20,308,26,0,75.51
T Panyangara,271,5.02,54,598,31,3,44.78
R Sathish,270,11.25,24,236,22,6,105.53
Anoop Orsu,269,12.23,22,235,20,13,90.89
CAK Rajitha,268,5.7,47,792,28,1,39.68
G Toka,268,12.76,21,496,21,2,48.42
P Aho,268,7.88,34,245,19,6,108.84
R Abdulkareem,267,8.9,30,322,19,9,83.24
S Shillingford,266,10.23,26,629,30,9,35.16
HN Ya France,266,10.64,25,326,22,9,68.62
Rafiullah,265,12.05,22,160,13,26,144.6
NGRP Jayasuriya,264,7.54,35,780,28,0,31.44
R Tari,262,10.08,26,256,11,9,97.73
SC Getkate,261,11.35,23,232,11,14,109.03
LA Dawson,261,13.05,20,410,24,5,83.21
B Zuiderent,261,13.05,20,468,21,3,40.14
TS Rogers,260,8.67,30,234,17,10,105.39
KH Abe,260,12.38,21,227,16,13,84.2
L Ngidi,260,3.71,70,523,26,7,53.34
Sheraz Sheikh,257,10.71,24,276,12,18,88.7
A Natubhai Ahir,257,12.85,20,283,17,12,78.76
XC Bartlett,255,8.79,29,244,24,5,94.09
Mudassar Bukhari,255,8.5,30,307,13,7,82.77
Ritik Tomar,255,12.14,21,238,21,9,87.32
C Munoz-Mills,254,11.55,22,194,21,12,113.51
G Coetzee,253,8.16,31,281,19,11,75.69
Sayed Monib,253,10.54,24,144,14,22,150.48
Khizar Hayat,253,9.04,28,269,15,5,85.57
Z Bimenyimana,252,6.3,40,211,15,15,87.79
F Banunaek,251,8.66,29,339,17,4,60.15
ST Gabriel,251,2.59,97,719,29,6,27.69
HER Tyler,249,10.83,23,205,22,15,119.46
HMCM Bandara,249,11.32,22,404,17,6,57.8
K Gowtham,249,8.89,28,162,15,17,143.96
PA van Meekeren,247,5.49,45,287,17,9,77.75
Tapash Baisya,246,9.84,25,363,28,2,57.33
Festus Benn,246,12.3,20,330,24,2,60.43
GD Arta,245,9.8,25,344,15,8,81.91
Harpreet Brar,244,9.38,26,214,19,10,116.61
MS Panesar,244,3.44,71,820,25,1,27.85
Aaftab Alam Khan,241,11.48,21,209,20,9,79.6
Danish Kaneria,240,4.62,52,472,29,2,35.47
JC Tredwell,240,7.5,32,355,19,5,71.67
CAK Walton,240,9.23,26,280,21,11,58.92
S Desungnoen,239,8.54,28,325,19,4,61.06
Haris Rauf,239,4.6,52,290,15,15,76.15
AJ Nair,238,10.82,22,204,14,7,93.49
RR Powar,236,9.08,26,328,20,3,76.84
JD Unadkat,233,7.28,32,259,18,8,104.53
J Miyaji,233,8.63,27,222,5,14,97.8
RMS Eranga,233,6.13,38,545,31,0,37.98
Hasan Mahmud,232,5.52,42,503,19,8,48.19
Ramandeep Singh,232,11.05,21,148,10,18,147.28
Mohamed Azzam,231,7.7,30,325,13,2,66.17
P Murungi,231,10.04,23,201,21,8,141.78
LH Ferguson,231,4.36,53,349,14,7,69.92
Nasum Ahmed,230,9.58,24,256,23,7,86.72
JNT Seales,229,4.87,47,463,15,12,48.31
Muslim Yar,229,11.45,20,196,16,11,98.83
B Mavuta,229,9.54,24,357,24,4,70.68
CA Young,229,4.98,46,294,17,7,66.54
Noman Amjad,228,10.36,22,228,9,7,101.16
MJ McClenaghan,227,5.04,45,252,16,12,83.46
MJ Hoggard,227,5.4,42,923,24,0,22.53
Nayeem Hasan,227,11.35,20,562,20,0,43.55
SW Poynter,226,10.27,22,249,19,4,89.7
J Kila,225,11.25,20,299,18,7,84.38
Shariz Ahmad,224,9.33,24,358,16,0,67.74
Kaleemullah,224,4.87,46,244,11,13,86.42
UWMBCA Welegedara,224,6.59,34,435,31,4,59.96
R Dhawan,223,8.92,25,204,19,7,119.19
Akhil Anil,222,11.1,20,195,17,10,98.44
DG Blampied,221,9.61,23,239,12,1,82.69
Delawar Khan,221,11.05,20,175,13,13,119.59
RM Haq,220,10.0,22,417,19,1,49.66
E Mathew,219,9.95,22,245,11,6,79.45
DK Anefie,218,10.38,21,189,9,11,79.33
JDF Vandersay,218,8.38,26,360,19,3,75.25
Nasrulla Rana,217,6.78,32,204,13,10,109.58
M Kartik,217,9.04,24,254,16,2,77.0
SW Masakadza,215,9.77,22,376,20,6,52.71
D Sabir,215,10.24,21,192,18,4,90.87
Junaid Khan,213,3.67,58,458,20,4,53.9
N Khanna,213,10.65,20,173,24,4,96.08
R Sakurano-Thomas,213,10.14,21,230,11,1,97.31
IE O'Brien,213,6.45,33,545,28,1,41.65
K Nestor,213,8.88,24,242,19,7,64.61
Iftikhar Anjum,212,7.31,29,374,14,3,75.03
Rizwan Butt,210,6.56,32,189,6,14,78.99
A Kirschbaum,210,10.5,20,244,16,3,78.29
Y Saranonnakkun,209,7.46,28,249,15,7,62.83
CN Kakuru,209,8.71,24,212,19,2,90.56
KJ Abbott,207,5.75,36,496,18,2,55.75
Zulfiqar Babar,206,7.92,26,275,19,6,64.01
J Little,204,5.51,37,234,21,5,91.02
JS Floros,204,10.2,20,197,17,6,82.93
PADLR Sandakan,204,4.86,42,462,25,0,46.81
CBRLS Kumara,203,2.9,70,610,31,1,35.88
M Yunusu Issa,203,7.81,26,173,14,9,123.63
WJ Cope,203,8.46,24,210,28,0,58.01
XJ Doherty,201,5.03,40,397,15,1,64.66
MT Steketee,199,5.53,36,205,11,9,90.88
NW Bracken,197,5.05,39,308,12,3,68.78
AY Patel,196,5.94,33,559,19,3,34.05
JK Kamande,195,8.12,24,403,15,1,51.59
Usman Najeeb,194,9.7,20,151,9,13,118.75
TJ Murtagh,194,6.93,28,235,20,2,79.87
MVT Fernando,193,4.2,46,681,19,1,25.04
Rehan Ahmed,193,8.77,22,276,21,4,81.43
L Embuldeniya,191,7.07,27,584,17,6,26.58
U Aryaman Sunil,191,9.1,21,156,11,12,104.04
Ziaur Rahman,191,9.1,21,208,13,11,80.23
Vinay Ravi,190,9.05,21,172,14,6,120.87
Ibrahim Hassan,187,6.68,28,257,9,5,73.14
SN Netravalkar,187,4.56,41,290,14,3,65.2
Ainool Hafizs,184,6.57,28,202,12,4,91.05
CA Rose,183,9.15,20,135,15,7,119.65
BAD Manenti,182,9.1,20,183,12,6,84.43
KP Meiyappan,182,7.58,24,367,13,0,41.97
S Gopal,180,8.18,22,173,19,2,94.87
B Evans,179,7.46,24,222,12,3,77.57
P Sarraf,179,7.46,24,239,20,6,65.19
K Klein,178,8.9,20,253,11,2,65.85
N Pradeep,177,2.49,71,457,23,1,35.28
Yasin Patel,176,7.33,24,212,8,4,73.12
WB Rankin,174,4.58,38,348,12,3,51.61
CB Mpofu,174,2.76,63,447,9,6,37.88
Mohammad Wasim,173,6.92,25,214,15,7,70.03
CT Tremlett,171,6.33,27,397,15,2,39.31
Rahat Ali,171,4.28,40,436,22,3,33.21
F Nsubuga,170,8.1,21,162,9,10,101.22
PJ Ongondo,169,5.63,30,265,10,5,83.33
TS Chisoro,169,8.45,20,257,14,4,58.99
F Achelam,169,7.68,22,172,9,10,80.04
N Nuntarach,167,7.26,23,265,9,1,51.65
SZ Vayani,167,7.59,22,171,14,4,69.54
BC Fortuin,166,7.55,22,186,17,3,77.16
GD McGrath,166,4.61,36,384,10,1,37.33
SI Mahmood,166,6.64,25,262,18,1,57.31
MM Patel,165,3.44,48,287,19,2,48.8
SM Boland,163,3.98,41,383,17,0,57.44
PP Ojha,161,2.88,56,658,10,1,33.9
MR Gillespie,161,7.0,23,223,16,4,63.63
A Nehra,160,2.91,55,290,13,5,45.31
MM Sharma,159,3.88,41,214,14,4,65.72
Mohammad Asif,158,3.36,47,474,19,0,40.7
L Balaji,155,5.96,26,211,11,5,77.0
SK Atai,154,6.7,23,243,11,1,67.6
Zahoor Khan,154,3.35,46,282,11,4,48.65
Kaleem Sana,154,6.16,25,182,7,10,86.89
D Ravu,150,7.5,20,220,13,4,63.76
J Jemison,149,7.45,20,230,10,1,49.5
RD Chahar,147,6.12,24,158,14,5,77.26
TK Joseph,147,6.12,24,168,7,5,75.25
MJ Swepson,146,3.74,39,168,13,3,91.65
D Wheatley,146,6.95,21,186,10,4,58.81
Mohameed Taiwo,143,5.11,28,201,8,3,62.6
R Sharma,142,5.92,24,127,10,8,82.91
JP Behrendorff,142,4.3,33,151,7,2,82.87
B Laughlin,140,4.24,33,178,9,4,63.73
Arshdeep Singh,140,3.68,38,146,11,6,99.36
Sultan Ahmed,140,5.83,24,168,9,4,89.03
Namgay Thinley,139,5.79,24,243,5,2,41.52
E Rukiriza,139,4.09,34,209,7,3,62.22
C Wright,139,6.04,23,182,5,3,59.51
DE Bollinger,138,4.45,31,251,13,1,53.72
KV Morea,135,5.87,23,173,9,4,99.97
JM Bird,133,4.03,33,249,8,1,63.53
WA Agar,133,6.05,22,126,11,2,104.42
DS Kulkarni,132,5.74,23,146,9,3,99.74
Muhammad Nadir,125,5.21,24,185,9,4,80.05
CD Collymore,125,3.21,39,337,8,2,42.07
Washeem Abbas,124,4.43,28,107,8,8,92.12
BV Vitori,123,6.15,20,166,12,5,61.55
C Kyewuta,120,6.0,20,111,9,4,91.59
YS Chahal,120,3.24,37,246,8,0,48.43
Syed Rasel,120,3.33,36,273,14,0,48.89
Mohammad Abbas,120,3.0,40,689,13,2,13.61
ML Cummins,119,4.96,24,332,13,4,28.53
KS Bagabena,117,5.85,20,142,5,1,87.52
SS Cottrell,117,3.66,32,190,9,4,58.76
JK Lalor,116,4.14,28,145,9,1,73.84
Avesh Khan,112,5.09,22,89,11,6,116.98
A Nao,110,5.24,21,116,7,4,84.17
GS Sandhu,110,4.78,23,115,8,3,87.13
G Bakiweyem,108,5.4,20,138,4,0,66.3
T Wangchuk,106,5.05,21,149,6,3,60.14
Ravi Bishnoi,104,3.59,29,114,11,3,94.14
J Theron,101,4.59,22,145,10,1,61.28
Al-Amin Hossain,101,4.81,21,159,12,5,44.51
Abrar Ahmed,100,4.76,21,151,13,3,63.27
CS Martin,99,1.24,80,485,10,0,20.7
Ibrahim Rizan,98,3.5,28,147,6,1,57.04
VR Aaron,93,3.21,29,198,7,2,46.46
FJ Klaassen,93,3.58,26,132,3,2,69.62
N Pokana,93,4.65,20,172,3,3,59.76
Shoaib Bashir,92,3.29,28,244,12,1,34.11
J Nyumbu,90,4.29,21,230,4,3,39.63
CB Sole,88,4.4,20,109,10,0,90.2
CK Langeveldt,88,3.67,24,151,9,1,66.06
T Mupariwa,87,4.14,21,208,7,2,38.63
K Piet,83,4.15,20,129,4,1,50.76
N Senamontree,82,3.57,23,164,1,0,53.74
MP Kuhnemann,80,3.33,24,145,10,0,56.58
Imran Khan,80,3.48,23,116,8,3,51.05
Mohammad Irfan,80,2.0,40,247,9,2,34.02
SW Tait,80,3.08,26,103,7,3,62.31
LL Tsotsobe,79,2.93,27,176,9,1,63.0
AM Fernando,76,1.81,42,255,12,1,38.04
RJW Topley,73,3.17,23,121,3,3,69.79
T Shamsi,71,2.29,31,152,6,0,36.6
AB Dinda,69,3.0,23,112,4,0,48.49
Ebadat Hossain,67,1.91,35,266,8,1,15.4
D Olivier,66,3.14,21,267,10,1,18.32
Enamul Haque jnr,64,2.46,26,274,7,0,20.96
S Badree,61,2.9,21,97,2,1,70.55
Sandeep Sharma,61,2.26,27,80,4,0,63.31
Bilal Khan,57,1.5,38,125,2,1,42.39
Khaled Ahmed,48,1.6,30,170,6,2,16.21
LN Rajbanshi,45,1.88,24,175,2,0,25.52
A Shukla,44,2.2,20,91,2,1,49.46
S Nadeem,40,1.74,23,118,2,0,30.82
Abu Jayed,38,1.65,23,161,4,0,22.03
B Stanlake,38,1.9,20,87,2,1,51.43
O Thomas,31,1.55,20,94,4,0,23.19
SI Kamea,24,1.14,21,72,2,0,44.95
W O'Rourke,24,1.09,22,215,1,0,17.16
M Prasidh Krishna,21,0.91,23,107,0,0,19.08
